metric_id,metric,group,unit,frequency,period,start_date,end_date,value,qualifier,YoY_percent_or_pp,prior_YoY_percent_or_pp,acceleration_pp,long_term,long_term_basis,source_url,secondary_source_url,notes
operating__core_customers,Core HCM and Financials customers,Customers,customers,quarter,Q4 FY25,,2025-01-31,6100,>,,,,,,https://www.workday.com/content/dam/web/en-us/documents/investor/workday-fiscal-2025-fourth-quarter-prepared-remarks.pdf,,
operating__countries,Customer countries,Customers,countries,quarter,Q2 FY24,,2023-07-31,175.0,≥,,,,,,https://www.workday.com/content/dam/web/en-us/documents/investor/workday-fiscal-2024-second-quarter-investor-presentation.pdf,,Presentation threshold; do not treat as exact.
operating__countries,Customer countries,Customers,countries,quarter,Q3 FY24,,2023-10-31,175.0,≥,,,,,,https://www.workday.com/content/dam/web/en-us/documents/investor/workday-fiscal-2024-third-quarter-investor-presentation.pdf,,Presentation threshold; do not treat as exact.
operating__countries,Customer countries,Customers,countries,quarter,Q4 FY24,,2024-01-31,175.0,≥,,,,,,https://www.workday.com/content/dam/web/en-us/documents/investor/workday-fiscal-2024-fourth-quarter-investor-presentation.pdf,,Presentation threshold; do not treat as exact.
operating__countries,Customer countries,Customers,countries,quarter,Q1 FY25,,2024-04-30,175.0,≥,,,,,,https://www.workday.com/content/dam/web/en-us/documents/investor/workday-fiscal-2025-first-quarter-investor-presentation.pdf,,Presentation threshold; do not treat as exact.
operating__countries,Customer countries,Customers,countries,quarter,Q2 FY25,,2024-07-31,175.0,≥,,,,,,https://www.workday.com/content/dam/web/en-us/documents/investor/workday-fiscal-2025-second-quarter-investor-presentation.pdf,,Presentation threshold; do not treat as exact.
operating__countries,Customer countries,Customers,countries,quarter,Q3 FY25,,2024-10-31,175.0,≥,,,,,,https://www.workday.com/content/dam/web/en-us/documents/investor/workday-fiscal-2025-third-quarter-investor-presentation.pdf,,Presentation threshold; do not treat as exact.
operating__countries,Customer countries,Customers,countries,quarter,Q4 FY25,,2025-01-31,175.0,≥,,,,,,https://www.workday.com/content/dam/web/en-us/documents/investor/workday-fiscal-2025-fourth-quarter-investor-presentation.pdf,,Presentation threshold; do not treat as exact.
operating__countries,Customer countries,Customers,countries,quarter,Q1 FY26,,2025-04-30,175.0,≥,,,,,,https://www.workday.com/content/dam/web/en-us/documents/investor/workday-fiscal-2026-first-quarter-investor-presentation.pdf,,Presentation threshold; do not treat as exact.
operating__countries,Customer countries,Customers,countries,quarter,Q2 FY26,,2025-07-31,175.0,≥,,,,,,https://www.workday.com/content/dam/web/en-us/documents/investor/workday-fiscal-2026-second-quarter-investor-presentation.pdf,,Presentation threshold; do not treat as exact.
operating__countries,Customer countries,Customers,countries,quarter,Q3 FY26,,2025-10-31,175.0,≥,,,,,,https://www.workday.com/content/dam/web/en-us/documents/investor/workday-fiscal-2026-third-quarter-investor-presentation.pdf,,Presentation threshold; do not treat as exact.
operating__countries,Customer countries,Customers,countries,quarter,Q4 FY26,,2026-01-31,175.0,≥,,,,,,https://s21.q4cdn.com/950027458/files/doc_earnings/2026/q4/presentation/Q4-FY26-Investor-Presentation.pdf,,Presentation threshold; do not treat as exact.
operating__countries,Customer countries,Customers,countries,quarter,Q1 FY27,,2026-04-30,175.0,≥,,,,,,https://s21.q4cdn.com/950027458/files/doc_earnings/2027/q1/presentation/Q1-FY27-Investor-Presentation.pdf,,Presentation threshold; do not treat as exact.
operating__countries,Customer countries,Customers,countries,quarter,Q2 FY27,,2026-07-31,180.0,≥,,,,,,https://s21.q4cdn.com/950027458/files/content_files/Q2-FY27-Investor-Relations-Quarterly_vFINALFINAL.pdf,,Presentation threshold; do not treat as exact.
operating__customer_satisfaction,Customer satisfaction survey,Customers,percent,annual,Q4 FY24,,2024-01-31,95,≥,,,,,,https://www.workday.com/content/dam/web/en-us/documents/investor/workday-fiscal-2024-fourth-quarter-investor-presentation.pdf,,2023 survey of HCM and FINS Named Support Contacts.
operating__customer_satisfaction,Customer satisfaction survey,Customers,percent,annual,Q4 FY25,,2025-01-31,93,,,,,,,https://www.workday.com/content/dam/web/en-us/documents/investor/workday-fiscal-2025-fourth-quarter-investor-presentation.pdf,,"2024 survey expands to HCM, FINS and acquired products; not like-for-like with previous survey."
operating__small_customer_mix,"Customers with fewer than 3,500 employees",Customers,percent,quarter,Q1 FY26,,2025-04-30,75,,,,,,,https://www.workday.com/content/dam/web/en-us/documents/investor/workday-fiscal-2026-first-quarter-prepared-remarks.pdf,,
operating__fins_customers,Financial Management customers,Customers,customers,quarter,Q2 FY25,,2024-07-31,2000,>,,,,,,https://www.workday.com/content/dam/web/en-us/documents/investor/workday-fiscal-2025-second-quarter-investor-presentation.pdf,,
operating__fortune500,Fortune 500 penetration,Customers,percent,quarter,Q2 FY24,,2023-07-31,50.0,≥,,,,,,https://www.workday.com/content/dam/web/en-us/documents/investor/workday-fiscal-2024-second-quarter-investor-presentation.pdf,,Presentation threshold; do not treat as exact.
operating__fortune500,Fortune 500 penetration,Customers,percent,quarter,Q3 FY24,,2023-10-31,50.0,≥,,,,,,https://www.workday.com/content/dam/web/en-us/documents/investor/workday-fiscal-2024-third-quarter-investor-presentation.pdf,,Presentation threshold; do not treat as exact.
operating__fortune500,Fortune 500 penetration,Customers,percent,quarter,Q4 FY24,,2024-01-31,50.0,≥,,,,,,https://www.workday.com/content/dam/web/en-us/documents/investor/workday-fiscal-2024-fourth-quarter-investor-presentation.pdf,,Presentation threshold; do not treat as exact.
operating__fortune500,Fortune 500 penetration,Customers,percent,quarter,Q1 FY25,,2024-04-30,60.0,≥,,,,,,https://www.workday.com/content/dam/web/en-us/documents/investor/workday-fiscal-2025-first-quarter-investor-presentation.pdf,,Presentation threshold; do not treat as exact.
operating__fortune500,Fortune 500 penetration,Customers,percent,quarter,Q2 FY25,,2024-07-31,60.0,≥,,,,,,https://www.workday.com/content/dam/web/en-us/documents/investor/workday-fiscal-2025-second-quarter-investor-presentation.pdf,,Presentation threshold; do not treat as exact.
operating__fortune500,Fortune 500 penetration,Customers,percent,quarter,Q3 FY25,,2024-10-31,60.0,≥,,,,,,https://www.workday.com/content/dam/web/en-us/documents/investor/workday-fiscal-2025-third-quarter-investor-presentation.pdf,,Presentation threshold; do not treat as exact.
operating__fortune500,Fortune 500 penetration,Customers,percent,quarter,Q4 FY25,,2025-01-31,60.0,≥,,,,,,https://www.workday.com/content/dam/web/en-us/documents/investor/workday-fiscal-2025-fourth-quarter-investor-presentation.pdf,,Presentation threshold; do not treat as exact.
operating__fortune500,Fortune 500 penetration,Customers,percent,quarter,Q1 FY26,,2025-04-30,60.0,≥,,,,,,https://www.workday.com/content/dam/web/en-us/documents/investor/workday-fiscal-2026-first-quarter-investor-presentation.pdf,,Presentation threshold; do not treat as exact.
operating__fortune500,Fortune 500 penetration,Customers,percent,quarter,Q2 FY26,,2025-07-31,65.0,≥,,,,,,https://www.workday.com/content/dam/web/en-us/documents/investor/workday-fiscal-2026-second-quarter-investor-presentation.pdf,,Presentation threshold; do not treat as exact.
operating__fortune500,Fortune 500 penetration,Customers,percent,quarter,Q3 FY26,,2025-10-31,65.0,≥,,,,,,https://www.workday.com/content/dam/web/en-us/documents/investor/workday-fiscal-2026-third-quarter-investor-presentation.pdf,,Presentation threshold; do not treat as exact.
operating__fortune500,Fortune 500 penetration,Customers,percent,quarter,Q4 FY26,,2026-01-31,65.0,≥,,,,,,https://s21.q4cdn.com/950027458/files/doc_earnings/2026/q4/presentation/Q4-FY26-Investor-Presentation.pdf,,Presentation threshold; do not treat as exact.
operating__fortune500,Fortune 500 penetration,Customers,percent,quarter,Q1 FY27,,2026-04-30,65.0,≥,,,,,,https://s21.q4cdn.com/950027458/files/doc_earnings/2027/q1/presentation/Q1-FY27-Investor-Presentation.pdf,,Presentation threshold; do not treat as exact.
operating__fortune500,Fortune 500 penetration,Customers,percent,quarter,Q2 FY27,,2026-07-31,65.0,≥,,,,,,https://s21.q4cdn.com/950027458/files/content_files/Q2-FY27-Investor-Relations-Quarterly_vFINALFINAL.pdf,,Presentation threshold; do not treat as exact.
operating__full_suite_customers,Full-suite customers,Customers,customers,quarter,Q4 FY25,,2025-01-31,2000,>,,,,,,https://www.workday.com/content/dam/web/en-us/documents/investor/workday-fiscal-2025-fourth-quarter-prepared-remarks.pdf,,
operating__full_suite_sled_healthcare,Full-suite share in SLED and healthcare,Customers,percent,quarter,Q4 FY25,,2025-01-31,50,≈,,,,,,https://www.workday.com/content/dam/web/en-us/documents/investor/workday-fiscal-2025-fourth-quarter-prepared-remarks.pdf,,
operating__full_suite_sled_healthcare,Full-suite share in SLED and healthcare,Customers,percent,quarter,Q1 FY26,,2025-04-30,50,>,,,,,,https://www.workday.com/content/dam/web/en-us/documents/investor/workday-fiscal-2026-first-quarter-prepared-remarks.pdf,,
operating__full_suite_sled_healthcare,Full-suite share in SLED and healthcare,Customers,percent,quarter,Q2 FY26,,2025-07-31,50,≥,,,,,,https://www.workday.com/content/dam/web/en-us/documents/investor/workday-fiscal-2026-second-quarter-prepared-remarks.pdf,,
operating__full_suite_new,Full-suite share of new core wins,Customers,percent,quarter,Q3 FY25,,2024-10-31,35,>,,,,,,https://www.workday.com/content/dam/web/en-us/documents/investor/workday-fiscal-2025-third-quarter-prepared-remarks.pdf,,
operating__full_suite_new,Full-suite share of new core wins,Customers,percent,quarter,Q4 FY25,,2025-01-31,30,>,,,,,,https://www.workday.com/content/dam/web/en-us/documents/investor/workday-fiscal-2025-fourth-quarter-prepared-remarks.pdf,,
operating__full_suite_new,Full-suite share of new core wins,Customers,percent,quarter,Q1 FY26,,2025-04-30,30,>,,,,,,https://www.workday.com/content/dam/web/en-us/documents/investor/workday-fiscal-2026-first-quarter-prepared-remarks.pdf,,
operating__full_suite_new,Full-suite share of new core wins,Customers,percent,quarter,Q2 FY26,,2025-07-31,30,≈,,,,,,https://www.workday.com/content/dam/web/en-us/documents/investor/workday-fiscal-2026-second-quarter-prepared-remarks.pdf,,
operating__global2000,Global 2000 penetration,Customers,percent,quarter,Q4 FY25,,2025-01-31,30,,,,,,,https://www.workday.com/content/dam/web/en-us/documents/investor/workday-fiscal-2025-fourth-quarter-prepared-remarks.pdf,,
operating__global_customers,Global customers,Customers,customers,quarter,Q2 FY24,,2023-07-31,10000.0,≥,,,,,,https://www.workday.com/content/dam/web/en-us/documents/investor/workday-fiscal-2024-second-quarter-investor-presentation.pdf,,Presentation threshold; do not treat as exact.
operating__global_customers,Global customers,Customers,customers,quarter,Q3 FY24,,2023-10-31,10000.0,≥,,,,,,https://www.workday.com/content/dam/web/en-us/documents/investor/workday-fiscal-2024-third-quarter-investor-presentation.pdf,,Presentation threshold; do not treat as exact.
operating__global_customers,Global customers,Customers,customers,quarter,Q4 FY24,,2024-01-31,10000.0,≥,,,,,,https://www.workday.com/content/dam/web/en-us/documents/investor/workday-fiscal-2024-fourth-quarter-investor-presentation.pdf,,Presentation threshold; do not treat as exact.
operating__global_customers,Global customers,Customers,customers,quarter,Q1 FY25,,2024-04-30,10500.0,≥,,,,,,https://www.workday.com/content/dam/web/en-us/documents/investor/workday-fiscal-2025-first-quarter-investor-presentation.pdf,,Presentation threshold; do not treat as exact.
operating__global_customers,Global customers,Customers,customers,quarter,Q2 FY25,,2024-07-31,10500.0,≥,,,,,,https://www.workday.com/content/dam/web/en-us/documents/investor/workday-fiscal-2025-second-quarter-investor-presentation.pdf,,Presentation threshold; do not treat as exact.
operating__global_customers,Global customers,Customers,customers,quarter,Q3 FY25,,2024-10-31,10500.0,≥,,,,,,https://www.workday.com/content/dam/web/en-us/documents/investor/workday-fiscal-2025-third-quarter-investor-presentation.pdf,,Presentation threshold; do not treat as exact.
operating__global_customers,Global customers,Customers,customers,quarter,Q4 FY25,,2025-01-31,11000.0,≥,,,,,,https://www.workday.com/content/dam/web/en-us/documents/investor/workday-fiscal-2025-fourth-quarter-investor-presentation.pdf,,Presentation threshold; do not treat as exact.
operating__global_customers,Global customers,Customers,customers,quarter,Q1 FY26,,2025-04-30,11000.0,≥,,,,,,https://www.workday.com/content/dam/web/en-us/documents/investor/workday-fiscal-2026-first-quarter-investor-presentation.pdf,,Presentation threshold; do not treat as exact.
operating__global_customers,Global customers,Customers,customers,quarter,Q2 FY26,,2025-07-31,11000.0,≥,,,,,,https://www.workday.com/content/dam/web/en-us/documents/investor/workday-fiscal-2026-second-quarter-investor-presentation.pdf,,Presentation threshold; do not treat as exact.
operating__global_customers,Global customers,Customers,customers,quarter,Q3 FY26,,2025-10-31,11000.0,≥,,,,,,https://www.workday.com/content/dam/web/en-us/documents/investor/workday-fiscal-2026-third-quarter-investor-presentation.pdf,,Presentation threshold; do not treat as exact.
operating__global_customers,Global customers,Customers,customers,quarter,Q4 FY26,,2026-01-31,11500.0,≥,,,,,,https://s21.q4cdn.com/950027458/files/doc_earnings/2026/q4/presentation/Q4-FY26-Investor-Presentation.pdf,,Presentation threshold; do not treat as exact.
operating__global_customers,Global customers,Customers,customers,quarter,Q1 FY27,,2026-04-30,11500.0,≥,,,,,,https://s21.q4cdn.com/950027458/files/doc_earnings/2027/q1/presentation/Q1-FY27-Investor-Presentation.pdf,,Presentation threshold; do not treat as exact.
operating__global_customers,Global customers,Customers,customers,quarter,Q2 FY27,,2026-07-31,11500.0,≥,,,,,,https://s21.q4cdn.com/950027458/files/content_files/Q2-FY27-Investor-Relations-Quarterly_vFINALFINAL.pdf,,Presentation threshold; do not treat as exact.
operating__billion_arr_industries,Industries exceeding $1B ARR,Customers,industries,quarter,Q2 FY24,,2023-07-31,2,,,,,,,https://www.workday.com/content/dam/web/en-us/documents/investor/workday-2023-financial-analyst-day.pdf,,Financial Services; Retail and Hospitality.
operating__billion_arr_industries,Industries exceeding $1B ARR,Customers,industries,quarter,Q3 FY25,,2024-10-31,3,,,,,,,https://www.workday.com/content/dam/web/en-us/documents/investor/workday-fiscal-2025-third-quarter-prepared-remarks.pdf,,Professional and Business Services joined Financial Services and Retail and Hospitality.
operating__billion_arr_industries,Industries exceeding $1B ARR,Customers,industries,quarter,Q2 FY26,,2025-07-31,5,,,,,58.11388300841897,2y CAGR,https://www.workday.com/content/dam/web/en-us/documents/investor/financial-analyst-day-2025-workday.pdf,,Financial Services; Professional and Business Services; Retail and Hospitality; Technology and Media; Manufacturing.
operating__fortune50,Top 50 Fortune 500 penetration,Customers,percent,quarter,Q2 FY24,,2023-07-31,70.0,≥,,,,,,https://www.workday.com/content/dam/web/en-us/documents/investor/workday-fiscal-2024-second-quarter-investor-presentation.pdf,,Presentation threshold; do not treat as exact.
operating__fortune50,Top 50 Fortune 500 penetration,Customers,percent,quarter,Q3 FY24,,2023-10-31,70.0,≥,,,,,,https://www.workday.com/content/dam/web/en-us/documents/investor/workday-fiscal-2024-third-quarter-investor-presentation.pdf,,Presentation threshold; do not treat as exact.
operating__fortune50,Top 50 Fortune 500 penetration,Customers,percent,quarter,Q4 FY24,,2024-01-31,70.0,≥,,,,,,https://www.workday.com/content/dam/web/en-us/documents/investor/workday-fiscal-2024-fourth-quarter-investor-presentation.pdf,,Presentation threshold; do not treat as exact.
operating__fortune50,Top 50 Fortune 500 penetration,Customers,percent,quarter,Q1 FY25,,2024-04-30,70.0,≥,,,,,,https://www.workday.com/content/dam/web/en-us/documents/investor/workday-fiscal-2025-first-quarter-investor-presentation.pdf,,Presentation threshold; do not treat as exact.
operating__fortune50,Top 50 Fortune 500 penetration,Customers,percent,quarter,Q2 FY25,,2024-07-31,70.0,≥,,,,,,https://www.workday.com/content/dam/web/en-us/documents/investor/workday-fiscal-2025-second-quarter-investor-presentation.pdf,,Presentation threshold; do not treat as exact.
operating__fortune50,Top 50 Fortune 500 penetration,Customers,percent,quarter,Q3 FY25,,2024-10-31,70.0,≥,,,,,,https://www.workday.com/content/dam/web/en-us/documents/investor/workday-fiscal-2025-third-quarter-investor-presentation.pdf,,Presentation threshold; do not treat as exact.
operating__fortune50,Top 50 Fortune 500 penetration,Customers,percent,quarter,Q4 FY25,,2025-01-31,70.0,≥,,,,,,https://www.workday.com/content/dam/web/en-us/documents/investor/workday-fiscal-2025-fourth-quarter-investor-presentation.pdf,,Presentation threshold; do not treat as exact.
operating__fortune50,Top 50 Fortune 500 penetration,Customers,percent,quarter,Q1 FY26,,2025-04-30,70.0,≥,,,,,,https://www.workday.com/content/dam/web/en-us/documents/investor/workday-fiscal-2026-first-quarter-investor-presentation.pdf,,Presentation threshold; do not treat as exact.
operating__fortune50,Top 50 Fortune 500 penetration,Customers,percent,quarter,Q2 FY26,,2025-07-31,70.0,≥,,,,,,https://www.workday.com/content/dam/web/en-us/documents/investor/workday-fiscal-2026-second-quarter-investor-presentation.pdf,,Presentation threshold; do not treat as exact.
operating__fortune50,Top 50 Fortune 500 penetration,Customers,percent,quarter,Q3 FY26,,2025-10-31,70.0,≥,,,,,,https://www.workday.com/content/dam/web/en-us/documents/investor/workday-fiscal-2026-third-quarter-investor-presentation.pdf,,Presentation threshold; do not treat as exact.
operating__fortune50,Top 50 Fortune 500 penetration,Customers,percent,quarter,Q4 FY26,,2026-01-31,70.0,≥,,,,,,https://s21.q4cdn.com/950027458/files/doc_earnings/2026/q4/presentation/Q4-FY26-Investor-Presentation.pdf,,Presentation threshold; do not treat as exact.
operating__fortune50,Top 50 Fortune 500 penetration,Customers,percent,quarter,Q1 FY27,,2026-04-30,70.0,≥,,,,,,https://s21.q4cdn.com/950027458/files/doc_earnings/2027/q1/presentation/Q1-FY27-Investor-Presentation.pdf,,Presentation threshold; do not treat as exact.
operating__fortune50,Top 50 Fortune 500 penetration,Customers,percent,quarter,Q2 FY27,,2026-07-31,75.0,≥,,,,,,https://s21.q4cdn.com/950027458/files/content_files/Q2-FY27-Investor-Relations-Quarterly_vFINALFINAL.pdf,,Presentation threshold; do not treat as exact.
operating__users,Users under contract,Customers,million users,quarter,Q2 FY24,,2023-07-31,65.0,≥,,,,,,https://www.workday.com/content/dam/web/en-us/documents/investor/workday-fiscal-2024-second-quarter-investor-presentation.pdf,,Presentation threshold; do not treat as exact.
operating__users,Users under contract,Customers,million users,quarter,Q3 FY24,,2023-10-31,65.0,≥,,,,,,https://www.workday.com/content/dam/web/en-us/documents/investor/workday-fiscal-2024-third-quarter-investor-presentation.pdf,,Presentation threshold; do not treat as exact.
operating__users,Users under contract,Customers,million users,quarter,Q4 FY24,,2024-01-31,65.0,≥,,,,,,https://www.workday.com/content/dam/web/en-us/documents/investor/workday-fiscal-2024-fourth-quarter-investor-presentation.pdf,,Presentation threshold; do not treat as exact.
operating__users,Users under contract,Customers,million users,quarter,Q1 FY25,,2024-04-30,65.0,≥,,,,,,https://www.workday.com/content/dam/web/en-us/documents/investor/workday-fiscal-2025-first-quarter-investor-presentation.pdf,,Presentation threshold; do not treat as exact.
operating__users,Users under contract,Customers,million users,quarter,Q2 FY25,,2024-07-31,70.0,≥,,,,,,https://www.workday.com/content/dam/web/en-us/documents/investor/workday-fiscal-2025-second-quarter-investor-presentation.pdf,,Presentation threshold; do not treat as exact.
operating__users,Users under contract,Customers,million users,quarter,Q3 FY25,,2024-10-31,70.0,≥,,,,,,https://www.workday.com/content/dam/web/en-us/documents/investor/workday-fiscal-2025-third-quarter-investor-presentation.pdf,,Presentation threshold; do not treat as exact.
operating__users,Users under contract,Customers,million users,quarter,Q4 FY25,,2025-01-31,70.0,≥,,,,,,https://www.workday.com/content/dam/web/en-us/documents/investor/workday-fiscal-2025-fourth-quarter-investor-presentation.pdf,,Presentation threshold; do not treat as exact.
operating__users,Users under contract,Customers,million users,quarter,Q1 FY26,,2025-04-30,70.0,≥,,,,,,https://www.workday.com/content/dam/web/en-us/documents/investor/workday-fiscal-2026-first-quarter-investor-presentation.pdf,,Presentation threshold; do not treat as exact.
operating__users,Users under contract,Customers,million users,quarter,Q2 FY26,,2025-07-31,75.0,≥,,,,,,https://www.workday.com/content/dam/web/en-us/documents/investor/workday-fiscal-2026-second-quarter-investor-presentation.pdf,,Presentation threshold; do not treat as exact.
operating__users,Users under contract,Customers,million users,quarter,Q3 FY26,,2025-10-31,75.0,≥,,,,,,https://www.workday.com/content/dam/web/en-us/documents/investor/workday-fiscal-2026-third-quarter-investor-presentation.pdf,,Presentation threshold; do not treat as exact.
operating__users,Users under contract,Customers,million users,quarter,Q4 FY26,,2026-01-31,75.0,≥,,,,,,https://s21.q4cdn.com/950027458/files/doc_earnings/2026/q4/presentation/Q4-FY26-Investor-Presentation.pdf,,Presentation threshold; do not treat as exact.
operating__users,Users under contract,Customers,million users,quarter,Q1 FY27,,2026-04-30,80.0,≥,,,,,,https://s21.q4cdn.com/950027458/files/doc_earnings/2027/q1/presentation/Q1-FY27-Investor-Presentation.pdf,,Presentation threshold; do not treat as exact.
operating__users,Users under contract,Customers,million users,quarter,Q2 FY27,,2026-07-31,80.0,≥,,,,,,https://s21.q4cdn.com/950027458/files/content_files/Q2-FY27-Investor-Relations-Quarterly_vFINALFINAL.pdf,,Presentation threshold; do not treat as exact.
operating__student_customers,Workday Student customers,Customers,customers,quarter,Q4 FY25,,2025-01-31,135,>,,,,,,https://www.workday.com/content/dam/web/en-us/documents/investor/workday-fiscal-2025-fourth-quarter-prepared-remarks.pdf,,
operating__crpo,12-month subscription backlog (cRPO),Bookings & retention,USD billions,quarter,Q3 FY24,,2023-10-31,6.05,,,,,,,https://www.workday.com/content/dam/web/en-us/documents/investor/workday-fiscal-2024-third-quarter-investor-presentation.pdf,,
operating__crpo,12-month subscription backlog (cRPO),Bookings & retention,USD billions,quarter,Q4 FY24,,2024-01-31,6.62,,,,,,,https://www.workday.com/content/dam/web/en-us/documents/investor/workday-fiscal-2024-fourth-quarter-investor-presentation.pdf,,
operating__crpo,12-month subscription backlog (cRPO),Bookings & retention,USD billions,quarter,Q1 FY25,,2024-04-30,6.6,,,,,,,https://www.workday.com/content/dam/web/en-us/documents/investor/workday-fiscal-2025-first-quarter-investor-presentation.pdf,,
operating__crpo,12-month subscription backlog (cRPO),Bookings & retention,USD billions,quarter,Q2 FY25,,2024-07-31,6.8,,,,,,,https://www.workday.com/content/dam/web/en-us/documents/investor/workday-fiscal-2025-second-quarter-investor-presentation.pdf,,
operating__crpo,12-month subscription backlog (cRPO),Bookings & retention,USD billions,quarter,Q3 FY25,,2024-10-31,6.98,,15.371900826446282,,,,,https://www.workday.com/content/dam/web/en-us/documents/investor/workday-fiscal-2025-third-quarter-investor-presentation.pdf,,
operating__crpo,12-month subscription backlog (cRPO),Bookings & retention,USD billions,quarter,Q4 FY25,,2025-01-31,7.63,,15.25679758308156,,,,,https://www.workday.com/content/dam/web/en-us/documents/investor/workday-fiscal-2025-fourth-quarter-investor-presentation.pdf,,
operating__crpo,12-month subscription backlog (cRPO),Bookings & retention,USD billions,quarter,Q1 FY26,,2025-04-30,7.63,,15.606060606060602,,,,,https://www.workday.com/content/dam/web/en-us/documents/investor/workday-fiscal-2026-first-quarter-investor-presentation.pdf,,
operating__crpo,12-month subscription backlog (cRPO),Bookings & retention,USD billions,quarter,Q2 FY26,,2025-07-31,7.91,,16.323529411764714,,,,,https://www.workday.com/content/dam/web/en-us/documents/investor/workday-fiscal-2026-second-quarter-investor-presentation.pdf,,
operating__crpo,12-month subscription backlog (cRPO),Bookings & retention,USD billions,quarter,Q3 FY26,,2025-10-31,8.21,,17.62177650429799,15.371900826446282,2.2498756778517084,16.49140712466435,2y CAGR,https://www.workday.com/content/dam/web/en-us/documents/investor/workday-fiscal-2026-third-quarter-investor-presentation.pdf,,
operating__crpo,12-month subscription backlog (cRPO),Bookings & retention,USD billions,quarter,Q4 FY26,,2026-01-31,8.833,,15.76671035386632,15.25679758308156,0.5099127707847586,15.511472599542264,2y CAGR,https://s21.q4cdn.com/950027458/files/doc_earnings/2026/q4/presentation/Q4-FY26-Investor-Presentation.pdf,,
operating__crpo,12-month subscription backlog (cRPO),Bookings & retention,USD billions,quarter,Q1 FY27,,2026-04-30,8.806,,15.412844036697248,15.606060606060602,-0.1932165693633543,15.509411921385198,2y CAGR,https://s21.q4cdn.com/950027458/files/doc_earnings/2027/q1/presentation/Q1-FY27-Investor-Presentation.pdf,,
operating__crpo,12-month subscription backlog (cRPO),Bookings & retention,USD billions,quarter,Q2 FY27,,2026-07-31,9.034,,14.209860935524654,16.323529411764714,-2.1136684762400595,15.26185022654747,2y CAGR,https://s21.q4cdn.com/950027458/files/content_files/Q2-FY27-Investor-Relations-Quarterly_vFINALFINAL.pdf,,
operating__backlog_24month,24-month subscription backlog,Bookings & retention,USD billions,quarter,Q2 FY24,,2023-07-31,10.27,,,,,,,https://newsroom.workday.com/2023-08-24-Workday-Announces-Fiscal-2024-Second-Quarter-Financial-Results,,
operating__net_expansion_contribution,Existing customer contribution to subscription growth,Bookings & retention,percent,quarter,Q4 FY26,,2026-01-31,60,≈,,,,,,https://s21.q4cdn.com/950027458/files/doc_earnings/2026/q4/generic/Q4-FY26-Earnings-Prepared-Remarks.pdf,,Reported for both quarter and FY26.
operating__net_expansion_contribution,Existing customer contribution to subscription growth,Bookings & retention,percent,quarter,Q1 FY27,,2026-04-30,60,≈,,,,,,https://s21.q4cdn.com/950027458/files/doc_earnings/2027/q1/generic/Q1-FY27-Earnings-Prepared-Remarks.pdf,,
operating__net_expansion_contribution,Existing customer contribution to subscription growth,Bookings & retention,percent,quarter,Q2 FY27,,2026-07-31,60,≈,,,,,,https://s21.q4cdn.com/950027458/files/doc_earnings/2027/q2/generic/Q2-FY27-Earnings-Prepared-Remarks.pdf,,
operating__gross_retention,Gross revenue retention,Bookings & retention,percent,quarter,Q2 FY25,,2024-07-31,95,>,,,,,,https://www.workday.com/content/dam/web/en-us/documents/investor/workday-fiscal-2025-second-quarter-prepared-remarks.pdf,,
operating__gross_retention,Gross revenue retention,Bookings & retention,percent,quarter,Q3 FY25,,2024-10-31,98,,,,,,,https://www.workday.com/content/dam/web/en-us/documents/investor/workday-fiscal-2025-third-quarter-prepared-remarks.pdf,,
operating__gross_retention,Gross revenue retention,Bookings & retention,percent,quarter,Q4 FY25,,2025-01-31,98,,,,,,,https://www.workday.com/content/dam/web/en-us/documents/investor/workday-fiscal-2025-fourth-quarter-prepared-remarks.pdf,,
operating__gross_retention,Gross revenue retention,Bookings & retention,percent,quarter,Q1 FY26,,2025-04-30,98,,,,,,,https://www.workday.com/content/dam/web/en-us/documents/investor/workday-fiscal-2026-first-quarter-prepared-remarks.pdf,,
operating__gross_retention,Gross revenue retention,Bookings & retention,percent,quarter,Q2 FY26,,2025-07-31,97,,,,,,,https://www.workday.com/content/dam/web/en-us/documents/investor/workday-fiscal-2026-second-quarter-prepared-remarks.pdf,,
operating__gross_retention,Gross revenue retention,Bookings & retention,percent,quarter,Q3 FY26,,2025-10-31,97,,-1,,,,,https://www.workday.com/content/dam/web/en-us/documents/investor/workday-fiscal-2026-third-quarter-prepared-remarks.pdf,,
operating__gross_retention,Gross revenue retention,Bookings & retention,percent,quarter,Q4 FY26,,2026-01-31,97,,-1,,,,,https://s21.q4cdn.com/950027458/files/doc_earnings/2026/q4/generic/Q4-FY26-Earnings-Prepared-Remarks.pdf,,
operating__gross_retention,Gross revenue retention,Bookings & retention,percent,quarter,Q1 FY27,,2026-04-30,97,,-1,,,,,https://s21.q4cdn.com/950027458/files/doc_earnings/2027/q1/generic/Q1-FY27-Earnings-Prepared-Remarks.pdf,,
operating__gross_retention,Gross revenue retention,Bookings & retention,percent,quarter,Q2 FY27,,2026-07-31,97,,0,,,,,https://s21.q4cdn.com/950027458/files/doc_earnings/2027/q2/generic/Q2-FY27-Earnings-Prepared-Remarks.pdf,,
operating__net_retention,Net revenue retention,Bookings & retention,percent,quarter,Q2 FY25,,2024-07-31,100,>,,,,,,https://www.workday.com/content/dam/web/en-us/documents/investor/workday-fiscal-2025-second-quarter-prepared-remarks.pdf,,
operating__total_backlog,Total subscription backlog,Bookings & retention,USD billions,quarter,Q2 FY24,,2023-07-31,17.85,,,,,,,https://newsroom.workday.com/2023-08-24-Workday-Announces-Fiscal-2024-Second-Quarter-Financial-Results,,
operating__total_backlog,Total subscription backlog,Bookings & retention,USD billions,quarter,Q3 FY24,,2023-10-31,18.45,,,,,,,https://www.workday.com/content/dam/web/en-us/documents/investor/workday-fiscal-2024-third-quarter-investor-presentation.pdf,,
operating__total_backlog,Total subscription backlog,Bookings & retention,USD billions,quarter,Q4 FY24,,2024-01-31,20.92,,,,,,,https://www.workday.com/content/dam/web/en-us/documents/investor/workday-fiscal-2024-fourth-quarter-investor-presentation.pdf,,
operating__total_backlog,Total subscription backlog,Bookings & retention,USD billions,quarter,Q1 FY25,,2024-04-30,20.68,,,,,,,https://www.workday.com/content/dam/web/en-us/documents/investor/workday-fiscal-2025-first-quarter-investor-presentation.pdf,,
operating__total_backlog,Total subscription backlog,Bookings & retention,USD billions,quarter,Q2 FY25,,2024-07-31,21.58,,20.896358543417335,,,,,https://www.workday.com/content/dam/web/en-us/documents/investor/workday-fiscal-2025-second-quarter-investor-presentation.pdf,,
operating__total_backlog,Total subscription backlog,Bookings & retention,USD billions,quarter,Q3 FY25,,2024-10-31,22.19,,20.27100271002711,,,,,https://www.workday.com/content/dam/web/en-us/documents/investor/workday-fiscal-2025-third-quarter-investor-presentation.pdf,,
operating__total_backlog,Total subscription backlog,Bookings & retention,USD billions,quarter,Q4 FY25,,2025-01-31,25.06,,19.789674952198833,,,,,https://www.workday.com/content/dam/web/en-us/documents/investor/workday-fiscal-2025-fourth-quarter-investor-presentation.pdf,,
operating__total_backlog,Total subscription backlog,Bookings & retention,USD billions,quarter,Q1 FY26,,2025-04-30,24.62,,19.052224371373306,,,,,https://www.workday.com/content/dam/web/en-us/documents/investor/workday-fiscal-2026-first-quarter-investor-presentation.pdf,,
operating__total_backlog,Total subscription backlog,Bookings & retention,USD billions,quarter,Q2 FY26,,2025-07-31,25.37,,17.56255792400372,20.896358543417335,-3.3338006194136156,19.217805524433395,2y CAGR,https://www.workday.com/content/dam/web/en-us/documents/investor/workday-fiscal-2026-second-quarter-investor-presentation.pdf,,
operating__total_backlog,Total subscription backlog,Bookings & retention,USD billions,quarter,Q3 FY26,,2025-10-31,25.96,,16.989634970707513,20.27100271002711,-3.2813677393195952,18.61897278516218,2y CAGR,https://www.workday.com/content/dam/web/en-us/documents/investor/workday-fiscal-2026-third-quarter-investor-presentation.pdf,,
operating__total_backlog,Total subscription backlog,Bookings & retention,USD billions,quarter,Q4 FY26,,2026-01-31,28.101,,12.134876296887477,19.789674952198833,-7.654798655311357,15.899095692801568,2y CAGR,https://s21.q4cdn.com/950027458/files/doc_earnings/2026/q4/presentation/Q4-FY26-Investor-Presentation.pdf,,
operating__total_backlog,Total subscription backlog,Bookings & retention,USD billions,quarter,Q1 FY27,,2026-04-30,27.29,,10.844841592201448,19.052224371373306,-8.207382779171859,14.875258222317388,2y CAGR,https://s21.q4cdn.com/950027458/files/doc_earnings/2027/q1/generic/Q1-FY27-Earnings-Prepared-Remarks.pdf,,
operating__total_backlog,Total subscription backlog,Bookings & retention,USD billions,quarter,Q2 FY27,,2026-07-31,27.403,,8.013401655498619,17.56255792400372,-9.5491562685051,15.35948186481293,3y CAGR,https://s21.q4cdn.com/950027458/files/content_files/Q2-FY27-Investor-Relations-Quarterly_vFINALFINAL.pdf,,
operating__attach_accounting_center,Accounting Center attach rate,Product penetration,percent,annual,Q2 FY24,,2023-07-31,10.0,<,,,,,,https://www.workday.com/content/dam/web/en-us/documents/investor/workday-2023-financial-analyst-day.pdf,,Denominator: all core HCM and/or Financials customers. 
operating__attach_accounting_center,Accounting Center attach rate,Product penetration,percent,annual,Q2 FY25,,2024-07-31,10.0,<,,,,,,https://www.workday.com/content/dam/web/en-us/documents/investor/workday-2024-financial-analyst-day.pdf,,Denominator: all core HCM and/or Financials customers. 
operating__attach_accounting_center,Accounting Center attach rate,Product penetration,percent,annual,Q2 FY26,,2025-07-31,10.0,<,,,,,,https://www.workday.com/content/dam/web/en-us/documents/investor/financial-analyst-day-2025-workday.pdf,,Denominator: all core HCM and/or Financials customers. 
operating__attach_candidate_engagement,Candidate Engagement attach rate,Product penetration,percent,annual,Q2 FY24,,2023-07-31,10.0,<,,,,,,https://www.workday.com/content/dam/web/en-us/documents/investor/workday-2023-financial-analyst-day.pdf,,Denominator: all core HCM and/or Financials customers. 
operating__attach_candidate_engagement,Candidate Engagement attach rate,Product penetration,percent,annual,Q2 FY25,,2024-07-31,10.0,<,,,,,,https://www.workday.com/content/dam/web/en-us/documents/investor/workday-2024-financial-analyst-day.pdf,,Denominator: all core HCM and/or Financials customers. 
operating__attach_candidate_engagement,Candidate Engagement attach rate,Product penetration,percent,annual,Q2 FY26,,2025-07-31,11.0,,,,,,,https://www.workday.com/content/dam/web/en-us/documents/investor/financial-analyst-day-2025-workday.pdf,,Denominator: all core HCM and/or Financials customers. 
operating__attach_core_financials,Core Financials attach rate,Product penetration,percent,annual,Q2 FY24,,2023-07-31,34.0,,,,,,,https://www.workday.com/content/dam/web/en-us/documents/investor/workday-2023-financial-analyst-day.pdf,,Denominator: all core HCM and/or Financials customers. 
operating__attach_core_financials,Core Financials attach rate,Product penetration,percent,annual,Q2 FY25,,2024-07-31,36.0,,2.0,,,,,https://www.workday.com/content/dam/web/en-us/documents/investor/workday-2024-financial-analyst-day.pdf,,Denominator: all core HCM and/or Financials customers. 
operating__attach_core_financials,Core Financials attach rate,Product penetration,percent,annual,Q2 FY26,,2025-07-31,38.0,,2.0,2.0,0.0,2.0,2y annualized pp change,https://www.workday.com/content/dam/web/en-us/documents/investor/financial-analyst-day-2025-workday.pdf,,Denominator: all core HCM and/or Financials customers. 
operating__attach_evisort,Evisort attach rate,Product penetration,percent,annual,Q2 FY26,,2025-07-31,5.0,<,,,,,,https://www.workday.com/content/dam/web/en-us/documents/investor/financial-analyst-day-2025-workday.pdf,,Denominator: all core HCM and/or Financials customers. 
operating__attach_expenses,Expenses attach rate,Product penetration,percent,annual,Q2 FY24,,2023-07-31,37.0,,,,,,,https://www.workday.com/content/dam/web/en-us/documents/investor/workday-2023-financial-analyst-day.pdf,,Denominator: all core HCM and/or Financials customers. 
operating__attach_expenses,Expenses attach rate,Product penetration,percent,annual,Q2 FY25,,2024-07-31,38.0,,1.0,,,,,https://www.workday.com/content/dam/web/en-us/documents/investor/workday-2024-financial-analyst-day.pdf,,Denominator: all core HCM and/or Financials customers. 
operating__attach_expenses,Expenses attach rate,Product penetration,percent,annual,Q2 FY26,,2025-07-31,40.0,,2.0,1.0,1.0,1.5,2y annualized pp change,https://www.workday.com/content/dam/web/en-us/documents/investor/financial-analyst-day-2025-workday.pdf,,Denominator: all core HCM and/or Financials customers. 
operating__attach_extend_extend_pro,Extend / Extend Pro attach rate,Product penetration,percent,annual,Q2 FY24,,2023-07-31,12.0,,,,,,,https://www.workday.com/content/dam/web/en-us/documents/investor/workday-2023-financial-analyst-day.pdf,,Denominator: all core HCM and/or Financials customers. Extend includes Extend Pro from 2024 onward.
operating__attach_extend_extend_pro,Extend / Extend Pro attach rate,Product penetration,percent,annual,Q2 FY25,,2024-07-31,17.0,,5.0,,,,,https://www.workday.com/content/dam/web/en-us/documents/investor/workday-2024-financial-analyst-day.pdf,,Denominator: all core HCM and/or Financials customers. Extend includes Extend Pro from 2024 onward.
operating__attach_extend_extend_pro,Extend / Extend Pro attach rate,Product penetration,percent,annual,Q2 FY26,,2025-07-31,22.0,,5.0,5.0,0.0,5.0,2y annualized pp change,https://www.workday.com/content/dam/web/en-us/documents/investor/financial-analyst-day-2025-workday.pdf,,Denominator: all core HCM and/or Financials customers. Extend includes Extend Pro from 2024 onward.
operating__attach_financial_planning,Financial Planning attach rate,Product penetration,percent,annual,Q2 FY24,,2023-07-31,33.0,,,,,,,https://www.workday.com/content/dam/web/en-us/documents/investor/workday-2023-financial-analyst-day.pdf,,Denominator: all core HCM and/or Financials customers. 
operating__attach_financial_planning,Financial Planning attach rate,Product penetration,percent,annual,Q2 FY25,,2024-07-31,36.0,,3.0,,,,,https://www.workday.com/content/dam/web/en-us/documents/investor/workday-2024-financial-analyst-day.pdf,,Denominator: all core HCM and/or Financials customers. 
operating__attach_financial_planning,Financial Planning attach rate,Product penetration,percent,annual,Q2 FY26,,2025-07-31,38.0,,2.0,3.0,-1.0,2.5,2y annualized pp change,https://www.workday.com/content/dam/web/en-us/documents/investor/financial-analyst-day-2025-workday.pdf,,Denominator: all core HCM and/or Financials customers. 
operating__attach_global_payroll_connect,Global Payroll Connect attach rate,Product penetration,percent,annual,Q2 FY26,,2025-07-31,10.0,<,,,,,,https://www.workday.com/content/dam/web/en-us/documents/investor/financial-analyst-day-2025-workday.pdf,,Denominator: all core HCM and/or Financials customers. Excludes legacy Cloud Connect for Third-party Payroll (>50% attach).
operating__attach_help,Help attach rate,Product penetration,percent,annual,Q2 FY24,,2023-07-31,14.0,,,,,,,https://www.workday.com/content/dam/web/en-us/documents/investor/workday-2023-financial-analyst-day.pdf,,Denominator: all core HCM and/or Financials customers. 
operating__attach_help,Help attach rate,Product penetration,percent,annual,Q2 FY25,,2024-07-31,19.0,,5.0,,,,,https://www.workday.com/content/dam/web/en-us/documents/investor/workday-2024-financial-analyst-day.pdf,,Denominator: all core HCM and/or Financials customers. 
operating__attach_help,Help attach rate,Product penetration,percent,annual,Q2 FY26,,2025-07-31,23.0,,4.0,5.0,-1.0,4.5,2y annualized pp change,https://www.workday.com/content/dam/web/en-us/documents/investor/financial-analyst-day-2025-workday.pdf,,Denominator: all core HCM and/or Financials customers. 
operating__attach_hiredscore,HiredScore attach rate,Product penetration,percent,annual,Q2 FY25,,2024-07-31,5.0,<,,,,,,https://www.workday.com/content/dam/web/en-us/documents/investor/workday-2024-financial-analyst-day.pdf,,Denominator: all core HCM and/or Financials customers. 
operating__attach_hiredscore,HiredScore attach rate,Product penetration,percent,annual,Q2 FY26,,2025-07-31,10.0,<,,,,,,https://www.workday.com/content/dam/web/en-us/documents/investor/financial-analyst-day-2025-workday.pdf,,Denominator: all core HCM and/or Financials customers. 
operating__attach_journeys,Journeys attach rate,Product penetration,percent,annual,Q2 FY24,,2023-07-31,13.0,,,,,,,https://www.workday.com/content/dam/web/en-us/documents/investor/workday-2023-financial-analyst-day.pdf,,Denominator: all core HCM and/or Financials customers. 
operating__attach_journeys,Journeys attach rate,Product penetration,percent,annual,Q2 FY25,,2024-07-31,18.0,,5.0,,,,,https://www.workday.com/content/dam/web/en-us/documents/investor/workday-2024-financial-analyst-day.pdf,,Denominator: all core HCM and/or Financials customers. 
operating__attach_journeys,Journeys attach rate,Product penetration,percent,annual,Q2 FY26,,2025-07-31,24.0,,6.0,5.0,1.0,5.5,2y annualized pp change,https://www.workday.com/content/dam/web/en-us/documents/investor/financial-analyst-day-2025-workday.pdf,,Denominator: all core HCM and/or Financials customers. 
operating__attach_learning,Learning attach rate,Product penetration,percent,annual,Q2 FY24,,2023-07-31,52.0,,,,,,,https://www.workday.com/content/dam/web/en-us/documents/investor/workday-2023-financial-analyst-day.pdf,,Denominator: all core HCM and/or Financials customers. 
operating__attach_learning,Learning attach rate,Product penetration,percent,annual,Q2 FY25,,2024-07-31,55.0,,3.0,,,,,https://www.workday.com/content/dam/web/en-us/documents/investor/workday-2024-financial-analyst-day.pdf,,Denominator: all core HCM and/or Financials customers. 
operating__attach_learning,Learning attach rate,Product penetration,percent,annual,Q2 FY26,,2025-07-31,57.0,,2.0,3.0,-1.0,2.5,2y annualized pp change,https://www.workday.com/content/dam/web/en-us/documents/investor/financial-analyst-day-2025-workday.pdf,,Denominator: all core HCM and/or Financials customers. 
operating__attach_messaging,Messaging attach rate,Product penetration,percent,annual,Q2 FY24,,2023-07-31,10.0,<,,,,,,https://www.workday.com/content/dam/web/en-us/documents/investor/workday-2023-financial-analyst-day.pdf,,Denominator: all core HCM and/or Financials customers. 
operating__attach_messaging,Messaging attach rate,Product penetration,percent,annual,Q2 FY25,,2024-07-31,12.0,,,,,,,https://www.workday.com/content/dam/web/en-us/documents/investor/workday-2024-financial-analyst-day.pdf,,Denominator: all core HCM and/or Financials customers. 
operating__attach_messaging,Messaging attach rate,Product penetration,percent,annual,Q2 FY26,,2025-07-31,18.0,,6.0,,,,,https://www.workday.com/content/dam/web/en-us/documents/investor/financial-analyst-day-2025-workday.pdf,,Denominator: all core HCM and/or Financials customers. 
operating__attach_payroll,Payroll attach rate,Product penetration,percent,annual,Q2 FY24,,2023-07-31,63.0,,,,,,,https://www.workday.com/content/dam/web/en-us/documents/investor/workday-2023-financial-analyst-day.pdf,,Denominator: all core HCM and/or Financials customers. 
operating__attach_payroll,Payroll attach rate,Product penetration,percent,annual,Q2 FY25,,2024-07-31,63.0,,0.0,,,,,https://www.workday.com/content/dam/web/en-us/documents/investor/workday-2024-financial-analyst-day.pdf,,Denominator: all core HCM and/or Financials customers. 
operating__attach_payroll,Payroll attach rate,Product penetration,percent,annual,Q2 FY26,,2025-07-31,63.0,,0.0,0.0,0.0,0.0,2y annualized pp change,https://www.workday.com/content/dam/web/en-us/documents/investor/financial-analyst-day-2025-workday.pdf,,Denominator: all core HCM and/or Financials customers. 
operating__attach_peakon,Peakon attach rate,Product penetration,percent,annual,Q2 FY24,,2023-07-31,14.0,,,,,,,https://www.workday.com/content/dam/web/en-us/documents/investor/workday-2023-financial-analyst-day.pdf,,Denominator: all core HCM and/or Financials customers. 
operating__attach_peakon,Peakon attach rate,Product penetration,percent,annual,Q2 FY25,,2024-07-31,19.0,,5.0,,,,,https://www.workday.com/content/dam/web/en-us/documents/investor/workday-2024-financial-analyst-day.pdf,,Denominator: all core HCM and/or Financials customers. 
operating__attach_peakon,Peakon attach rate,Product penetration,percent,annual,Q2 FY26,,2025-07-31,23.0,,4.0,5.0,-1.0,4.5,2y annualized pp change,https://www.workday.com/content/dam/web/en-us/documents/investor/financial-analyst-day-2025-workday.pdf,,Denominator: all core HCM and/or Financials customers. 
operating__attach_people_analytics,People Analytics attach rate,Product penetration,percent,annual,Q2 FY24,,2023-07-31,16.0,,,,,,,https://www.workday.com/content/dam/web/en-us/documents/investor/workday-2023-financial-analyst-day.pdf,,Denominator: all core HCM and/or Financials customers. 
operating__attach_people_analytics,People Analytics attach rate,Product penetration,percent,annual,Q2 FY25,,2024-07-31,16.0,,0.0,,,,,https://www.workday.com/content/dam/web/en-us/documents/investor/workday-2024-financial-analyst-day.pdf,,Denominator: all core HCM and/or Financials customers. 
operating__attach_people_analytics,People Analytics attach rate,Product penetration,percent,annual,Q2 FY26,,2025-07-31,16.0,,0.0,0.0,0.0,0.0,2y annualized pp change,https://www.workday.com/content/dam/web/en-us/documents/investor/financial-analyst-day-2025-workday.pdf,,Denominator: all core HCM and/or Financials customers. 
operating__attach_prism_analytics,Prism Analytics attach rate,Product penetration,percent,annual,Q2 FY24,,2023-07-31,27.0,,,,,,,https://www.workday.com/content/dam/web/en-us/documents/investor/workday-2023-financial-analyst-day.pdf,,Denominator: all core HCM and/or Financials customers. 
operating__attach_prism_analytics,Prism Analytics attach rate,Product penetration,percent,annual,Q2 FY25,,2024-07-31,30.0,,3.0,,,,,https://www.workday.com/content/dam/web/en-us/documents/investor/workday-2024-financial-analyst-day.pdf,,Denominator: all core HCM and/or Financials customers. 
operating__attach_prism_analytics,Prism Analytics attach rate,Product penetration,percent,annual,Q2 FY26,,2025-07-31,33.0,,3.0,3.0,0.0,3.0,2y annualized pp change,https://www.workday.com/content/dam/web/en-us/documents/investor/financial-analyst-day-2025-workday.pdf,,Denominator: all core HCM and/or Financials customers. 
operating__attach_procurement,Procurement attach rate,Product penetration,percent,annual,Q2 FY24,,2023-07-31,27.0,,,,,,,https://www.workday.com/content/dam/web/en-us/documents/investor/workday-2023-financial-analyst-day.pdf,,Denominator: all core HCM and/or Financials customers. 
operating__attach_procurement,Procurement attach rate,Product penetration,percent,annual,Q2 FY25,,2024-07-31,28.0,,1.0,,,,,https://www.workday.com/content/dam/web/en-us/documents/investor/workday-2024-financial-analyst-day.pdf,,Denominator: all core HCM and/or Financials customers. 
operating__attach_procurement,Procurement attach rate,Product penetration,percent,annual,Q2 FY26,,2025-07-31,29.0,,1.0,1.0,0.0,1.0,2y annualized pp change,https://www.workday.com/content/dam/web/en-us/documents/investor/financial-analyst-day-2025-workday.pdf,,Denominator: all core HCM and/or Financials customers. 
operating__attach_recruiting,Recruiting attach rate,Product penetration,percent,annual,Q2 FY24,,2023-07-31,75.0,,,,,,,https://www.workday.com/content/dam/web/en-us/documents/investor/workday-2023-financial-analyst-day.pdf,,Denominator: all core HCM and/or Financials customers. 
operating__attach_recruiting,Recruiting attach rate,Product penetration,percent,annual,Q2 FY25,,2024-07-31,77.0,,2.0,,,,,https://www.workday.com/content/dam/web/en-us/documents/investor/workday-2024-financial-analyst-day.pdf,,Denominator: all core HCM and/or Financials customers. 
operating__attach_recruiting,Recruiting attach rate,Product penetration,percent,annual,Q2 FY26,,2025-07-31,78.0,,1.0,2.0,-1.0,1.5,2y annualized pp change,https://www.workday.com/content/dam/web/en-us/documents/investor/financial-analyst-day-2025-workday.pdf,,Denominator: all core HCM and/or Financials customers. 
operating__attach_scheduling,Scheduling attach rate,Product penetration,percent,annual,Q2 FY24,,2023-07-31,10.0,<,,,,,,https://www.workday.com/content/dam/web/en-us/documents/investor/workday-2023-financial-analyst-day.pdf,,Denominator: all core HCM and/or Financials customers. 
operating__attach_scheduling,Scheduling attach rate,Product penetration,percent,annual,Q2 FY25,,2024-07-31,10.0,<,,,,,,https://www.workday.com/content/dam/web/en-us/documents/investor/workday-2024-financial-analyst-day.pdf,,Denominator: all core HCM and/or Financials customers. 
operating__attach_scheduling,Scheduling attach rate,Product penetration,percent,annual,Q2 FY26,,2025-07-31,10.0,<,,,,,,https://www.workday.com/content/dam/web/en-us/documents/investor/financial-analyst-day-2025-workday.pdf,,Denominator: all core HCM and/or Financials customers. 
operating__attach_strategic_sourcing,Strategic Sourcing attach rate,Product penetration,percent,annual,Q2 FY24,,2023-07-31,10.0,<,,,,,,https://www.workday.com/content/dam/web/en-us/documents/investor/workday-2023-financial-analyst-day.pdf,,Denominator: all core HCM and/or Financials customers. 
operating__attach_strategic_sourcing,Strategic Sourcing attach rate,Product penetration,percent,annual,Q2 FY25,,2024-07-31,10.0,,,,,,,https://www.workday.com/content/dam/web/en-us/documents/investor/workday-2024-financial-analyst-day.pdf,,Denominator: all core HCM and/or Financials customers. 
operating__attach_strategic_sourcing,Strategic Sourcing attach rate,Product penetration,percent,annual,Q2 FY26,,2025-07-31,11.0,,1.0,,,,,https://www.workday.com/content/dam/web/en-us/documents/investor/financial-analyst-day-2025-workday.pdf,,Denominator: all core HCM and/or Financials customers. 
operating__attach_talent_optimization,Talent Optimization attach rate,Product penetration,percent,annual,Q2 FY24,,2023-07-31,45.0,,,,,,,https://www.workday.com/content/dam/web/en-us/documents/investor/workday-2023-financial-analyst-day.pdf,,Denominator: all core HCM and/or Financials customers. 
operating__attach_talent_optimization,Talent Optimization attach rate,Product penetration,percent,annual,Q2 FY25,,2024-07-31,54.0,,9.0,,,,,https://www.workday.com/content/dam/web/en-us/documents/investor/workday-2024-financial-analyst-day.pdf,,Denominator: all core HCM and/or Financials customers. 
operating__attach_talent_optimization,Talent Optimization attach rate,Product penetration,percent,annual,Q2 FY26,,2025-07-31,62.0,,8.0,9.0,-1.0,8.5,2y annualized pp change,https://www.workday.com/content/dam/web/en-us/documents/investor/financial-analyst-day-2025-workday.pdf,,Denominator: all core HCM and/or Financials customers. 
operating__attach_time_tracking,Time Tracking attach rate,Product penetration,percent,annual,Q2 FY24,,2023-07-31,68.0,,,,,,,https://www.workday.com/content/dam/web/en-us/documents/investor/workday-2023-financial-analyst-day.pdf,,Denominator: all core HCM and/or Financials customers. 
operating__attach_time_tracking,Time Tracking attach rate,Product penetration,percent,annual,Q2 FY25,,2024-07-31,69.0,,1.0,,,,,https://www.workday.com/content/dam/web/en-us/documents/investor/workday-2024-financial-analyst-day.pdf,,Denominator: all core HCM and/or Financials customers. 
operating__attach_time_tracking,Time Tracking attach rate,Product penetration,percent,annual,Q2 FY26,,2025-07-31,71.0,,2.0,1.0,1.0,1.5,2y annualized pp change,https://www.workday.com/content/dam/web/en-us/documents/investor/financial-analyst-day-2025-workday.pdf,,Denominator: all core HCM and/or Financials customers. 
operating__attach_vndly,VNDLY attach rate,Product penetration,percent,annual,Q2 FY24,,2023-07-31,10.0,<,,,,,,https://www.workday.com/content/dam/web/en-us/documents/investor/workday-2023-financial-analyst-day.pdf,,Denominator: all core HCM and/or Financials customers. 
operating__attach_vndly,VNDLY attach rate,Product penetration,percent,annual,Q2 FY25,,2024-07-31,5.0,<,,,,,,https://www.workday.com/content/dam/web/en-us/documents/investor/workday-2024-financial-analyst-day.pdf,,Denominator: all core HCM and/or Financials customers. 
operating__attach_vndly,VNDLY attach rate,Product penetration,percent,annual,Q2 FY26,,2025-07-31,5.0,<,,,,,,https://www.workday.com/content/dam/web/en-us/documents/investor/financial-analyst-day-2025-workday.pdf,,Denominator: all core HCM and/or Financials customers. 
operating__attach_workforce_planning,Workforce Planning attach rate,Product penetration,percent,annual,Q2 FY24,,2023-07-31,14.0,,,,,,,https://www.workday.com/content/dam/web/en-us/documents/investor/workday-2023-financial-analyst-day.pdf,,Denominator: all core HCM and/or Financials customers. 
operating__attach_workforce_planning,Workforce Planning attach rate,Product penetration,percent,annual,Q2 FY25,,2024-07-31,15.0,,1.0,,,,,https://www.workday.com/content/dam/web/en-us/documents/investor/workday-2024-financial-analyst-day.pdf,,Denominator: all core HCM and/or Financials customers. 
operating__attach_workforce_planning,Workforce Planning attach rate,Product penetration,percent,annual,Q2 FY26,,2025-07-31,16.0,,1.0,1.0,0.0,1.0,2y annualized pp change,https://www.workday.com/content/dam/web/en-us/documents/investor/financial-analyst-day-2025-workday.pdf,,Denominator: all core HCM and/or Financials customers. 
operating__ai_new_acv_growth,AI / agentic product new ACV growth,AI & platform,percent,quarter,Q1 FY26,,2025-04-30,100,>,,,,,,https://www.workday.com/content/dam/web/en-us/documents/investor/workday-fiscal-2026-first-quarter-prepared-remarks.pdf,,AI products.
operating__ai_new_acv_growth,AI / agentic product new ACV growth,AI & platform,percent,quarter,Q4 FY26,,2026-01-31,100,>,,,,,,https://s21.q4cdn.com/950027458/files/doc_earnings/2026/q4/generic/Q4-FY26-Earnings-Prepared-Remarks.pdf,,Emerging AI products.
operating__ai_new_acv_growth,AI / agentic product new ACV growth,AI & platform,percent,quarter,Q1 FY27,,2026-04-30,200,>,,,,,,https://s21.q4cdn.com/950027458/files/doc_earnings/2027/q1/generic/Q1-FY27-Earnings-Prepared-Remarks.pdf,,Agentic AI products.
operating__ai_arr_reported_qoq,AI ARR reported sequential growth,AI & platform,percent,quarter,Q2 FY27,,2026-07-31,20,>,,,,,,https://s21.q4cdn.com/950027458/files/doc_earnings/2027/q2/generic/Q2-FY27-Earnings-Prepared-Remarks.pdf,,
operating__ai_arr_reported_yoy,AI ARR reported year-over-year growth,AI & platform,percent,quarter,Q2 FY27,,2026-07-31,200,>,,,,,,https://s21.q4cdn.com/950027458/files/doc_earnings/2027/q2/generic/Q2-FY27-Earnings-Prepared-Remarks.pdf,,
operating__ai_actions,AI actions delivered,AI & platform,billion actions,quarter,Q3 FY26,,2025-10-31,1,>,,,,,,https://www.workday.com/content/dam/web/en-us/documents/investor/workday-fiscal-2026-third-quarter-prepared-remarks.pdf,,Year-to-date this year alone; not a full-year total.
operating__ai_actions,AI actions delivered,AI & platform,billion actions,quarter,Q4 FY26,,2026-01-31,1.7,,,,,,,https://s21.q4cdn.com/950027458/files/doc_earnings/2026/q4/generic/Q4-FY26-Earnings-Prepared-Remarks.pdf,,Full fiscal year 2026.
operating__ai_expansion_attach,AI product attach to expansion deals,AI & platform,percent,quarter,Q3 FY25,,2024-10-31,30,>,,,,,,https://www.workday.com/content/dam/web/en-us/documents/investor/workday-fiscal-2025-third-quarter-prepared-remarks.pdf,,
operating__ai_expansion_attach,AI product attach to expansion deals,AI & platform,percent,quarter,Q4 FY25,,2025-01-31,30,,,,,,,https://www.workday.com/content/dam/web/en-us/documents/investor/workday-fiscal-2025-fourth-quarter-prepared-remarks.pdf,,
operating__ai_expansion_attach,AI product attach to expansion deals,AI & platform,percent,quarter,Q1 FY26,,2025-04-30,25,≈,,,,,,https://www.workday.com/content/dam/web/en-us/documents/investor/workday-fiscal-2026-first-quarter-prepared-remarks.pdf,,
operating__ai_expansion_attach,AI product attach to expansion deals,AI & platform,percent,quarter,Q2 FY26,,2025-07-31,30,>,,,,,,https://www.workday.com/content/dam/web/en-us/documents/investor/workday-fiscal-2026-second-quarter-prepared-remarks.pdf,,Called customer base deals.
operating__ai_expansion_attach,AI product attach to expansion deals,AI & platform,percent,quarter,Q3 FY26,,2025-10-31,35,,,,,,,https://www.workday.com/content/dam/web/en-us/documents/investor/workday-fiscal-2026-third-quarter-prepared-remarks.pdf,,
operating__ai_new_attach,AI product attach to new deals,AI & platform,percent,quarter,Q2 FY26,,2025-07-31,75,>,,,,,,https://www.workday.com/content/dam/web/en-us/documents/investor/workday-fiscal-2026-second-quarter-prepared-remarks.pdf,,
operating__ai_new_attach,AI product attach to new deals,AI & platform,percent,quarter,Q3 FY26,,2025-10-31,75,>,,,,,,https://www.workday.com/content/dam/web/en-us/documents/investor/workday-fiscal-2026-third-quarter-prepared-remarks.pdf,,
operating__ai_new_attach,AI product attach to new deals,AI & platform,percent,quarter,Q2 FY27,,2026-07-31,50,>,,,,,,https://s21.q4cdn.com/950027458/files/doc_earnings/2027/q2/generic/Q2-FY27-Earnings-Prepared-Remarks.pdf,,
operating__ai_acv_mix,AI share of new ACV,AI & platform,percent,quarter,Q2 FY27,,2026-07-31,25,>,,,,,,https://s21.q4cdn.com/950027458/files/doc_earnings/2027/q2/generic/Q2-FY27-Earnings-Prepared-Remarks.pdf,,
operating__adaptive_decision_customers,Adaptive Decision Intelligence purchasers,AI & platform,customers,event,Q2 FY27,,2026-08-27,170,,,,,,,https://s21.q4cdn.com/950027458/files/doc_earnings/2027/q2/generic/Q2-FY27-Earnings-Prepared-Remarks.pdf,,"As of August 27, 2026; GA July 31."
operating__adoption_satisfaction,Adoption Agent customer satisfaction,AI & platform,percent,event,Q2 FY27,,2026-08-27,94,,,,,,,https://s21.q4cdn.com/950027458/files/doc_earnings/2027/q2/generic/Q2-FY27-Earnings-Prepared-Remarks.pdf,,"Initial launch cohort, not overall Workday satisfaction."
operating__adoption_customers,Adoption Agent initial customers,AI & platform,customers,event,Q2 FY27,,2026-08-27,200,>,,,,,,https://s21.q4cdn.com/950027458/files/doc_earnings/2027/q2/generic/Q2-FY27-Earnings-Prepared-Remarks.pdf,,First three days after GA in August 2026.
operating__adoption_notes,Adoption Agent release notes evaluated,AI & platform,release notes,event,Q2 FY27,,2026-08-27,20000,,,,,,,https://s21.q4cdn.com/950027458/files/doc_earnings/2027/q2/generic/Q2-FY27-Earnings-Prepared-Remarks.pdf,,Initial launch period.
operating__agent_early_access_customers,Agent / ASOR early-access customers,AI & platform,customers,quarter,Q3 FY26,,2025-10-31,150,>,,,,,,https://www.workday.com/content/dam/web/en-us/documents/investor/workday-fiscal-2026-third-quarter-prepared-remarks.pdf,,
operating__platform_transactions,Annual platform transactions,AI & platform,billion transactions,annual,FY24,,2024-01-31,800,>,,,,,,https://www.workday.com/content/dam/web/en-us/documents/investor/workday-fiscal-2024-fourth-quarter-investor-presentation.pdf,,Fiscal year 2024 volume.
operating__platform_transactions,Annual platform transactions,AI & platform,billion transactions,annual,FY25,,2025-01-31,1000,>,,,,,,https://www.workday.com/content/dam/web/en-us/documents/investor/workday-fiscal-2025-fourth-quarter-investor-presentation.pdf,,Fiscal year 2025 volume.
operating__platform_transactions,Annual platform transactions,AI & platform,billion transactions,annual,FY26,,2026-01-31,1400,≈,,,,,,https://s21.q4cdn.com/950027458/files/content_files/Q2-FY27-Investor-Relations-Quarterly_vFINALFINAL.pdf,,Fiscal year 2026 volume.
operating__contract_agreement_growth,Contract Intelligence agreements growth,AI & platform,percent,quarter,Q2 FY27,,2026-07-31,70,≈,,,,,,https://s21.q4cdn.com/950027458/files/doc_earnings/2027/q2/generic/Q2-FY27-Earnings-Prepared-Remarks.pdf,,Nearly 70% YoY growth in agreements processed.
operating__extend_apps_growth,Custom Extend apps growth,AI & platform,percent,quarter,Q2 FY27,,2026-07-31,90,>,,,,,,https://s21.q4cdn.com/950027458/files/doc_earnings/2027/q2/generic/Q2-FY27-Earnings-Prepared-Remarks.pdf,,Apps built on Extend in Q2.
operating__organic_agent_customers,Customers using organic agents,AI & platform,customers,event,Q4 FY26,,2026-02-24,400,>,,,,,,https://s21.q4cdn.com/950027458/files/doc_earnings/2026/q4/generic/Q4-FY26-Earnings-Prepared-Remarks.pdf,,12 new role-based agents; different availability/coverage.
operating__organic_agent_customers,Customers using organic agents,AI & platform,customers,event,Q1 FY27,,2026-05-21,4000,>,,,,,,https://s21.q4cdn.com/950027458/files/doc_earnings/2027/q1/generic/Q1-FY27-Earnings-Prepared-Remarks.pdf,,"As of earnings call, May 2026."
operating__organic_agent_customers,Customers using organic agents,AI & platform,customers,event,Q2 FY27,,2026-08-27,5500,>,,,,,,https://s21.q4cdn.com/950027458/files/doc_earnings/2027/q2/generic/Q2-FY27-Earnings-Prepared-Remarks.pdf,,"As of earnings call, August 27; disclosed >35% QoQ."
operating__thirdparty_surface_customers,Customers using third-party work surfaces,AI & platform,customers,event,Q2 FY27,,2026-08-27,1600,>,,,,,,https://s21.q4cdn.com/950027458/files/doc_earnings/2027/q2/generic/Q2-FY27-Earnings-Prepared-Remarks.pdf,,"Workday through Teams, Slack, Copilot or Gemini; as of call."
operating__data_cloud_deals,Data Cloud Pro deals closed,AI & platform,deals,quarter,Q2 FY27,,2026-07-31,6,,,,,,,https://s21.q4cdn.com/950027458/files/doc_earnings/2027/q2/generic/Q2-FY27-Earnings-Prepared-Remarks.pdf,,All six Q2 deals selected premium Data Cloud Pro.
operating__deployment_customers,Deployment Agent customers,AI & platform,customers,event,Q2 FY27,,2026-08-27,4600,>,,,,,,https://s21.q4cdn.com/950027458/files/doc_earnings/2027/q2/generic/Q2-FY27-Earnings-Prepared-Remarks.pdf,,As of earnings call.
operating__deployment_query_growth,Deployment Agent query growth,AI & platform,percent,quarter,Q2 FY27,,2026-07-31,500,≈,,,,,,https://s21.q4cdn.com/950027458/files/doc_earnings/2027/q2/generic/Q2-FY27-Earnings-Prepared-Remarks.pdf,,Nearly 500% in Q2; comparison basis not explicitly stated.
operating__deployment_users,Deployment Agent users,AI & platform,users,event,Q2 FY27,,2026-08-27,24000,≈,,,,,,https://s21.q4cdn.com/950027458/files/doc_earnings/2027/q2/generic/Q2-FY27-Earnings-Prepared-Remarks.pdf,,"Almost 24,000 as of earnings call."
operating__developer_apps_agents,Developer-created apps and agents since DevCon,AI & platform,apps and agents,event,Q2 FY27,,2026-08-27,3000,>,,,,,,https://s21.q4cdn.com/950027458/files/doc_earnings/2027/q2/generic/Q2-FY27-Earnings-Prepared-Remarks.pdf,,Since June 2026 DevCon; as of August call.
operating__ai_arr,Emerging / agentic AI ARR,AI & platform,USD millions,quarter,Q4 FY26,,2026-01-31,400,>,,,,,,https://s21.q4cdn.com/950027458/files/doc_earnings/2026/q4/generic/Q4-FY26-Earnings-Prepared-Remarks.pdf,,Emerging AI solutions.
operating__ai_arr,Emerging / agentic AI ARR,AI & platform,USD millions,quarter,Q1 FY27,,2026-04-30,500,≈,,,,,,https://s21.q4cdn.com/950027458/files/doc_earnings/2027/q1/generic/Q1-FY27-Earnings-Prepared-Remarks.pdf,,Approaching $500m; agentic AI solutions.
operating__ai_arr,Emerging / agentic AI ARR,AI & platform,USD millions,quarter,Q2 FY27,,2026-07-31,600,≈,,,,,,https://s21.q4cdn.com/950027458/files/doc_earnings/2027/q2/generic/Q2-FY27-Earnings-Prepared-Remarks.pdf,,"Nearly $600m, AI SKUs; reported >200% YoY and >20% QoQ."
operating__emerging_ai_new_acv,Emerging AI new ACV,AI & platform,USD millions,quarter,Q4 FY26,,2026-01-31,100,>,,,,,,https://s21.q4cdn.com/950027458/files/doc_earnings/2026/q4/generic/Q4-FY26-Earnings-Prepared-Remarks.pdf,,
operating__emerging_ai_new_acv,Emerging AI new ACV,AI & platform,USD millions,quarter,Q2 FY27,,2026-07-31,100,>,,,,,,https://s21.q4cdn.com/950027458/files/doc_earnings/2027/q2/generic/Q2-FY27-Earnings-Prepared-Remarks.pdf,,
operating__extend_pro_acv_growth,Extend Pro new ACV growth,AI & platform,percent,quarter,Q2 FY26,,2025-07-31,100,>,,,,,,https://www.workday.com/content/dam/web/en-us/documents/investor/workday-fiscal-2026-second-quarter-prepared-remarks.pdf,,
operating__extend_pro_acv_growth,Extend Pro new ACV growth,AI & platform,percent,quarter,Q3 FY26,,2025-10-31,50,>,,,,,,https://www.workday.com/content/dam/web/en-us/documents/investor/workday-fiscal-2026-third-quarter-prepared-remarks.pdf,,
operating__extend_pro_acv_growth,Extend Pro new ACV growth,AI & platform,percent,quarter,Q1 FY27,,2026-04-30,100,≈,,,,,,https://s21.q4cdn.com/950027458/files/doc_earnings/2027/q1/generic/Q1-FY27-Earnings-Prepared-Remarks.pdf,,Nearly doubled.
operating__extend_pro_acv_qoq,Extend Pro new ACV sequential growth,AI & platform,percent,quarter,Q4 FY25,,2025-01-31,100,>,,,,,,https://www.workday.com/content/dam/web/en-us/documents/investor/workday-fiscal-2025-fourth-quarter-prepared-remarks.pdf,,
operating__extend_acv_growth,Extend new ACV growth,AI & platform,percent,quarter,Q2 FY25,,2024-07-31,75,>,,,,,,https://www.workday.com/content/dam/web/en-us/documents/investor/workday-fiscal-2025-second-quarter-prepared-remarks.pdf,,
operating__flex_credit_customers,Flex Credits customer signings,AI & platform,customers,quarter,Q4 FY26,,2026-01-31,50,≈,,,,,,https://s21.q4cdn.com/950027458/files/doc_earnings/2026/q4/generic/Q4-FY26-Earnings-Prepared-Remarks.pdf,,Nearly 50 initial customers.
operating__flex_credit_customers,Flex Credits customer signings,AI & platform,customers,quarter,Q2 FY27,,2026-07-31,200,,,,,,,https://s21.q4cdn.com/950027458/files/doc_earnings/2027/q2/generic/Q2-FY27-Earnings-Prepared-Remarks.pdf,,Signed in this quarter; not cumulative installed base.
operating__illuminate_adoption,Illuminate adoption,AI & platform,percent,quarter,Q1 FY26,,2025-04-30,60,>,,,,,,https://www.workday.com/content/dam/web/en-us/documents/investor/workday-fiscal-2026-first-quarter-prepared-remarks.pdf,,Denominator described as customers.
operating__illuminate_adoption,Illuminate adoption,AI & platform,percent,quarter,Q2 FY26,,2025-07-31,70,>,,,,,,https://www.workday.com/content/dam/web/en-us/documents/investor/workday-fiscal-2026-second-quarter-prepared-remarks.pdf,,Core customers.
operating__illuminate_adoption,Illuminate adoption,AI & platform,percent,quarter,Q3 FY26,,2025-10-31,75,>,,,,,,https://www.workday.com/content/dam/web/en-us/documents/investor/workday-fiscal-2026-third-quarter-prepared-remarks.pdf,,Core customers.
operating__sana_internal_users,Internal Sana Enterprise active users,AI & platform,users,event,Q2 FY27,,2026-08-27,12000,>,,,,,,https://s21.q4cdn.com/950027458/files/doc_earnings/2027/q2/generic/Q2-FY27-Earnings-Prepared-Remarks.pdf,,"Workday employees since internal rollout August 4, 2026; as of August 27."
operating__sana_internal_agents,Internal custom Sana agents built,AI & platform,agents,event,Q2 FY27,,2026-08-27,22000,,,,,,,https://s21.q4cdn.com/950027458/files/doc_earnings/2027/q2/generic/Q2-FY27-Earnings-Prepared-Remarks.pdf,,Built by Workday employees in three weeks after August 4 rollout.
operating__sana_capabilities,New Sana capabilities shipped,AI & platform,capabilities,quarter,Q2 FY27,,2026-07-31,23,,,,,,,https://s21.q4cdn.com/950027458/files/doc_earnings/2027/q2/generic/Q2-FY27-Earnings-Prepared-Remarks.pdf,,Capabilities shipped in Q2 FY27.
operating__role_agents,New organically developed role-based agents,AI & platform,agents,quarter,Q4 FY26,,2026-01-31,12,,,,,,,https://s21.q4cdn.com/950027458/files/doc_earnings/2026/q4/generic/Q4-FY26-Earnings-Prepared-Remarks.pdf,,
operating__recruiter_asp_uplift,Recruiter Agent uplift to core Recruiting ASP,AI & platform,percent,quarter,Q3 FY25,,2024-10-31,150,≈,,,,,,https://www.workday.com/content/dam/web/en-us/documents/investor/workday-fiscal-2025-third-quarter-prepared-remarks.pdf,,Almost 150% reported; Q4 retrospectively describes as 1.5x uplift.
operating__recruiting_acv_qoq,Recruiting Agent new ACV sequential growth,AI & platform,percent,quarter,Q3 FY25,,2024-10-31,300,>,,,,,,https://www.workday.com/content/dam/web/en-us/documents/investor/workday-fiscal-2025-third-quarter-prepared-remarks.pdf,,More than quadrupled Q2.
operating__recruiting_acv_qoq,Recruiting Agent new ACV sequential growth,AI & platform,percent,quarter,Q4 FY25,,2025-01-31,100,≈,,,,,,https://www.workday.com/content/dam/web/en-us/documents/investor/workday-fiscal-2025-fourth-quarter-prepared-remarks.pdf,,Nearly doubled Q3.
operating__ssa_production,Sana Self-Service production go-lives,AI & platform,customers,quarter,Q2 FY27,,2026-07-31,100,>,,,,,,https://s21.q4cdn.com/950027458/files/doc_earnings/2027/q2/generic/Q2-FY27-Earnings-Prepared-Remarks.pdf,,"Moved into production in July 2026, month before August call."
operating__sana_mau_growth,Sana monthly active users growth,AI & platform,percent,quarter,Q2 FY27,,2026-07-31,190,≈,,,,,,https://s21.q4cdn.com/950027458/files/doc_earnings/2027/q2/generic/Q2-FY27-Earnings-Prepared-Remarks.pdf,,Almost 190% YoY.
operating__sana_ai_courses,Sana published courses created with AI,AI & platform,percent,quarter,Q2 FY27,,2026-07-31,78,,,,,,,https://s21.q4cdn.com/950027458/files/doc_earnings/2027/q2/generic/Q2-FY27-Earnings-Prepared-Remarks.pdf,,Share of all published courses.
operating__ssa_thirdparty_customers,Self-Service Agent on third-party surfaces,AI & platform,customers,event,Q2 FY27,,2026-08-27,100,>,,,,,,https://s21.q4cdn.com/950027458/files/doc_earnings/2027/q2/generic/Q2-FY27-Earnings-Prepared-Remarks.pdf,,Subset of third-party-surface customers.
operating__ai_expansion_deal_premium,Size premium of expansions including AI,AI & platform,percent,quarter,Q4 FY26,,2026-01-31,50,≈,,,,,,https://s21.q4cdn.com/950027458/files/doc_earnings/2026/q4/generic/Q4-FY26-Earnings-Prepared-Remarks.pdf,,Nearly 50% larger.
operating__ai_expansion_deal_premium,Size premium of expansions including AI,AI & platform,percent,quarter,Q1 FY27,,2026-04-30,50,>,,,,,,https://s21.q4cdn.com/950027458/files/doc_earnings/2027/q1/generic/Q1-FY27-Earnings-Prepared-Remarks.pdf,,
operating__talent_candidates,Talent Acquisition Agent candidates,AI & platform,million candidates,quarter,Q2 FY27,,2026-07-31,30,>,,,,,,https://s21.q4cdn.com/950027458/files/doc_earnings/2027/q2/generic/Q2-FY27-Earnings-Prepared-Remarks.pdf,,Candidates interacting with agent in quarter.
operating__talent_interviews,Talent Acquisition Agent interviews scheduled,AI & platform,million interviews,quarter,Q2 FY27,,2026-07-31,8,>,,,,,,https://s21.q4cdn.com/950027458/files/doc_earnings/2027/q2/generic/Q2-FY27-Earnings-Prepared-Remarks.pdf,,Interviews automatically scheduled last quarter.
operating__assistant_customers,Workday Assistant HCM customers,AI & platform,customers,quarter,Q3 FY25,,2024-10-31,2000,>,,,,,,https://www.workday.com/content/dam/web/en-us/documents/investor/workday-fiscal-2025-third-quarter-prepared-remarks.pdf,,
operating__extend_customers,Workday Extend customers,AI & platform,customers,quarter,Q3 FY25,,2024-10-31,1000,>,,,,,,https://www.workday.com/content/dam/web/en-us/documents/investor/workday-fiscal-2025-third-quarter-prepared-remarks.pdf,,
operating__go_customer_volume_multiple,Workday GO customer volume versus prior quarter,AI & platform,ratio,quarter,Q2 FY27,,2026-07-31,5,>,,,,,,https://s21.q4cdn.com/950027458/files/doc_earnings/2027/q2/generic/Q2-FY27-Earnings-Prepared-Remarks.pdf,,Q2 FY27 volume was more than 5 times Q1; do not interpret as 5% or 500% growth.
strategic__existing_customer_revenue_growth_share,Existing customer contribution to subscription growth,Sales & industry,percent,instant,H1 FY2026,,2025-07-31,60,≈,,,,,,https://www.workday.com/content/dam/web/en-us/documents/investor/financial-analyst-day-2025-workday.pdf#page=82,,
strategic__me_new_acv_share,Medium enterprise share of new customer ACV,Sales & industry,percent,instant,TTM Q2 FY2026,,2025-07-31,50,>,,,,,,https://www.workday.com/content/dam/web/en-us/documents/investor/financial-analyst-day-2025-workday.pdf#page=17,,
strategic__new_acv_expand_share,New ACV from existing customers,Sales & industry,percent,instant,TTM Q2 FY2024,,2023-07-31,50,≈,,,,,,https://www.workday.com/content/dam/web/en-us/documents/investor/workday-2023-financial-analyst-day.pdf#page=30,,
strategic__new_acv_land_share,New ACV from new customers,Sales & industry,percent,instant,TTM Q2 FY2024,,2023-07-31,50,≈,,,,,,https://www.workday.com/content/dam/web/en-us/documents/investor/workday-2023-financial-analyst-day.pdf#page=30,,
strategic__new_customer_revenue_growth_share,New customer contribution to subscription growth,Sales & industry,percent,instant,H1 FY2026,,2025-07-31,40,≈,,,,,,https://www.workday.com/content/dam/web/en-us/documents/investor/financial-analyst-day-2025-workday.pdf#page=82,,
strategic__me_core_fins_land_share,New medium enterprise customers buying core FINS,Sales & industry,percent,instant,TTM Q2 FY2026,,2025-07-31,50,≈,,,,,,https://www.workday.com/content/dam/web/en-us/documents/investor/financial-analyst-day-2025-workday.pdf#page=86,,
strategic__me_fullsuite_land_share,New medium enterprise customers landing full suite,Sales & industry,percent,instant,TTM Q2 FY2026,,2025-07-31,40,≈,,,,,,https://www.workday.com/content/dam/web/en-us/documents/investor/financial-analyst-day-2025-workday.pdf#page=86,,
strategic__us_me_land_acv_share,US medium enterprise share of US land ACV,Sales & industry,percent,instant,TTM Q2 FY2024,,2023-07-31,50,>,,,,,,https://www.workday.com/content/dam/web/en-us/documents/investor/workday-2023-financial-analyst-day.pdf#page=36,,
strategic__go_deployment_days,Workday GO time to go live,Sales & industry,days,instant,2025 analyst day,,2025-09-16,60,<,,,,,,https://www.workday.com/content/dam/web/en-us/documents/investor/financial-analyst-day-2025-workday.pdf#page=86,,
strategic__strategic_partner_added_arr,ARR added from strategic partnerships since FY24,Partner ecosystem,USD millions,instant,2025 analyst day,,2025-09-16,100,≥,,,,,,https://www.workday.com/content/dam/web/en-us/documents/investor/financial-analyst-day-2025-workday.pdf#page=88,,
strategic__aws_cosell_tcv,AWS co-sell and marketplace wins TCV,Partner ecosystem,USD millions,instant,2023 analyst day,,2023-09-27,70,≈,,,,,,https://www.workday.com/content/dam/web/en-us/documents/investor/workday-2023-financial-analyst-day.pdf#page=67,,
strategic__built_on_workday_apps,Built on Workday apps,Partner ecosystem,apps,instant,2025 analyst day,,2025-09-16,100,≥,,,,,,https://www.workday.com/content/dam/web/en-us/documents/investor/financial-analyst-day-2025-workday.pdf#page=88,,
strategic__combined_deployment_resources,Certified deployment resources including Workday,Partner ecosystem,resources,instant,2023 analyst day,,2023-09-27,19500,≥,,,,,,https://www.workday.com/content/dam/web/en-us/documents/investor/workday-2023-financial-analyst-day.pdf#page=62,,
strategic__partner_consultants,Certified partner consultants,Partner ecosystem,consultants,instant,2025 analyst day,,2025-09-16,21000,≥,,,,,,https://www.workday.com/content/dam/web/en-us/documents/investor/financial-analyst-day-2025-workday.pdf#page=88,,
strategic__cosell_partners,Co-sell partners signed,Partner ecosystem,count,instant,2023 analyst day,,2023-09-27,15,≥,,,,,,https://www.workday.com/content/dam/web/en-us/documents/investor/workday-2023-financial-analyst-day.pdf#page=67,,
strategic__innovation_partners,Innovation partners,Partner ecosystem,partners,instant,2024 analyst day,,2024-09-17,400,≈,,,,,,https://www.workday.com/content/dam/web/en-us/documents/investor/workday-2024-financial-analyst-day.pdf#page=21,,
strategic__innovation_partners,Innovation partners,Partner ecosystem,partners,instant,2025 analyst day,,2025-09-16,650,>,,,,,,https://www.workday.com/content/dam/web/en-us/documents/investor/financial-analyst-day-2025-workday.pdf#page=17,,
strategic__marketplace_solutions,Marketplace launch solutions,Partner ecosystem,count,instant,2023 analyst day,,2023-09-27,300,≥,,,,,,https://www.workday.com/content/dam/web/en-us/documents/investor/workday-2023-financial-analyst-day.pdf#page=68,,
strategic__partner_apac_share,Partner contribution to APAC net-new ACV,Partner ecosystem,percent,instant,Q2 FY2025,,2024-07-31,16,,,,,,,https://www.workday.com/content/dam/web/en-us/documents/investor/workday-2024-financial-analyst-day.pdf#page=49,,
strategic__partner_emea_share,Partner contribution to EMEA net-new ACV,Partner ecosystem,percent,instant,Q2 FY2025,,2024-07-31,15,,,,,,,https://www.workday.com/content/dam/web/en-us/documents/investor/workday-2024-financial-analyst-day.pdf#page=49,,
strategic__partner_total_acv_share,Partner contribution to net-new ACV,Partner ecosystem,percent,instant,Q2 FY2025,,2024-07-31,9,,,,,,,https://www.workday.com/content/dam/web/en-us/documents/investor/workday-2024-financial-analyst-day.pdf#page=56,,
strategic__partner_deployment_growth,Partner deployment resources growth,Partner ecosystem,percent,instant,TTM Q2 FY2025,,2024-07-31,25,≥,,,,,,https://www.workday.com/content/dam/web/en-us/documents/investor/workday-2024-financial-analyst-day.pdf#page=56,,
strategic__partner_expansion_acv_share,Partner-sourced expansion ACV share,Partner ecosystem,percent,instant,Q2 FY2026,,2025-07-31,10,≈,,,,,,https://www.workday.com/content/dam/web/en-us/documents/investor/financial-analyst-day-2025-workday.pdf#page=88,,
strategic__partner_new_acv_share,Partner-sourced new customer ACV share,Partner ecosystem,percent,instant,Q2 FY2026,,2025-07-31,20,>,,,,,,https://www.workday.com/content/dam/web/en-us/documents/investor/financial-analyst-day-2025-workday.pdf#page=88,,
strategic__referral_partners,Referral partners signed,Partner ecosystem,count,instant,2023 analyst day,,2023-09-27,80,≥,,,,,,https://www.workday.com/content/dam/web/en-us/documents/investor/workday-2023-financial-analyst-day.pdf#page=67,,
strategic__sales_partners,Sales partners,Partner ecosystem,partners,instant,2024 analyst day,,2024-09-17,500,≥,,,,,,https://www.workday.com/content/dam/web/en-us/documents/investor/workday-2024-financial-analyst-day.pdf#page=21,,
strategic__sales_partners,Sales partners,Partner ecosystem,partners,instant,2025 analyst day,,2025-09-16,725,≥,,,,,,https://www.workday.com/content/dam/web/en-us/documents/investor/financial-analyst-day-2025-workday.pdf#page=17,,
strategic__unique_partners,Unique partners,Partner ecosystem,partners,instant,2025 analyst day,,2025-09-16,1300,≥,,,,,,https://www.workday.com/content/dam/web/en-us/documents/investor/financial-analyst-day-2025-workday.pdf#page=17,,
strategic__tax_reporting_templates,Country-specific tax/reporting templates,Product & geography,templates,instant,2025 analyst day,,2025-09-16,55,≥,,,,,,https://www.workday.com/content/dam/web/en-us/documents/investor/financial-analyst-day-2025-workday.pdf#page=58,,
strategic__fins_sub_growth,FINS+ TTM subscription revenue growth,Product & geography,percent,ttm,TTM Q2 FY2024,,2023-07-31,24,,,,,,,https://www.workday.com/content/dam/web/en-us/documents/investor/workday-2023-financial-analyst-day.pdf#page=77,,"Reported rounded growth; compare percentage-point change, not CAGR."
strategic__fins_sub_growth,FINS+ TTM subscription revenue growth,Product & geography,percent,ttm,TTM Q2 FY2025,,2024-07-31,21,,-3,,,,,https://www.workday.com/content/dam/web/en-us/documents/investor/workday-2024-financial-analyst-day.pdf#page=73,,"Reported rounded growth; compare percentage-point change, not CAGR."
strategic__fins_sub_growth,FINS+ TTM subscription revenue growth,Product & geography,percent,ttm,TTM Q2 FY2026,,2025-07-31,20,,-1,-3,2,-2.0,2y annualized pp change,https://www.workday.com/content/dam/web/en-us/documents/investor/financial-analyst-day-2025-workday.pdf#page=94,,"Reported rounded growth; compare percentage-point change, not CAGR."
strategic__fins_sub_ttm,FINS+ subscription revenue (TTM),Product & geography,USD millions,ttm,TTM Q2 FY2024,,2023-07-31,1540,,,,,,,https://www.workday.com/content/dam/web/en-us/documents/investor/financial-analyst-day-2025-workday.pdf#page=94,,Rounded to $0.01 billion by issuer; historical values shown in 2025 deck.
strategic__fins_sub_ttm,FINS+ subscription revenue (TTM),Product & geography,USD millions,ttm,TTM Q2 FY2025,,2024-07-31,1860,,20.779220779220786,,,,,https://www.workday.com/content/dam/web/en-us/documents/investor/financial-analyst-day-2025-workday.pdf#page=94,,Rounded to $0.01 billion by issuer; historical values shown in 2025 deck.
strategic__fins_sub_ttm,FINS+ subscription revenue (TTM),Product & geography,USD millions,ttm,TTM Q2 FY2026,,2025-07-31,2220,,19.354838709677423,20.779220779220786,-1.4243820695433627,20.064917505424607,2y CAGR,https://www.workday.com/content/dam/web/en-us/documents/investor/financial-analyst-day-2025-workday.pdf#page=94,,Rounded to $0.01 billion by issuer; historical values shown in 2025 deck.
strategic__hcm_sub_growth,HCM TTM subscription revenue growth,Product & geography,percent,ttm,TTM Q2 FY2024,,2023-07-31,19,,,,,,,https://www.workday.com/content/dam/web/en-us/documents/investor/workday-2023-financial-analyst-day.pdf#page=77,,"Reported rounded growth; compare percentage-point change, not CAGR."
strategic__hcm_sub_growth,HCM TTM subscription revenue growth,Product & geography,percent,ttm,TTM Q2 FY2025,,2024-07-31,17,,-2,,,,,https://www.workday.com/content/dam/web/en-us/documents/investor/workday-2024-financial-analyst-day.pdf#page=73,,"Reported rounded growth; compare percentage-point change, not CAGR."
strategic__hcm_sub_growth,HCM TTM subscription revenue growth,Product & geography,percent,ttm,TTM Q2 FY2026,,2025-07-31,13,,-4,-2,-2,-3.0,2y annualized pp change,https://www.workday.com/content/dam/web/en-us/documents/investor/financial-analyst-day-2025-workday.pdf#page=94,,"Reported rounded growth; compare percentage-point change, not CAGR."
strategic__hcm_sub_ttm,HCM subscription revenue (TTM),Product & geography,USD millions,ttm,TTM Q2 FY2024,,2023-07-31,4540,,,,,,,https://www.workday.com/content/dam/web/en-us/documents/investor/financial-analyst-day-2025-workday.pdf#page=94,,Rounded to $0.01 billion by issuer; historical values shown in 2025 deck.
strategic__hcm_sub_ttm,HCM subscription revenue (TTM),Product & geography,USD millions,ttm,TTM Q2 FY2025,,2024-07-31,5310,,16.960352422907498,,,,,https://www.workday.com/content/dam/web/en-us/documents/investor/financial-analyst-day-2025-workday.pdf#page=94,,Rounded to $0.01 billion by issuer; historical values shown in 2025 deck.
strategic__hcm_sub_ttm,HCM subscription revenue (TTM),Product & geography,USD millions,ttm,TTM Q2 FY2026,,2025-07-31,6010,,13.182674199623357,16.960352422907498,-3.7776782232841413,15.05601011053297,2y CAGR,https://www.workday.com/content/dam/web/en-us/documents/investor/financial-analyst-day-2025-workday.pdf#page=94,,Rounded to $0.01 billion by issuer; historical values shown in 2025 deck.
strategic__intl_sub_growth,International TTM subscription revenue growth,Product & geography,percent,ttm,TTM Q2 FY2025,,2024-07-31,20,,,,,,,https://www.workday.com/content/dam/web/en-us/documents/investor/workday-2024-financial-analyst-day.pdf#page=74,,"Reported rounded growth; compare percentage-point change, not CAGR."
strategic__intl_sub_growth,International TTM subscription revenue growth,Product & geography,percent,ttm,TTM Q2 FY2026,,2025-07-31,15,,-5,,,,,https://www.workday.com/content/dam/web/en-us/documents/investor/financial-analyst-day-2025-workday.pdf#page=95,,"Reported rounded growth; compare percentage-point change, not CAGR."
strategic__intl_sub_ttm,International subscription revenue (TTM),Product & geography,USD millions,ttm,TTM Q2 FY2024,,2023-07-31,1490,,,,,,,https://www.workday.com/content/dam/web/en-us/documents/investor/financial-analyst-day-2025-workday.pdf#page=95,,Rounded to $0.01 billion by issuer; historical values shown in 2025 deck.
strategic__intl_sub_ttm,International subscription revenue (TTM),Product & geography,USD millions,ttm,TTM Q2 FY2025,,2024-07-31,1780,,19.463087248322154,,,,,https://www.workday.com/content/dam/web/en-us/documents/investor/financial-analyst-day-2025-workday.pdf#page=95,,Rounded to $0.01 billion by issuer; historical values shown in 2025 deck.
strategic__intl_sub_ttm,International subscription revenue (TTM),Product & geography,USD millions,ttm,TTM Q2 FY2026,,2025-07-31,2050,,15.168539325842701,19.463087248322154,-4.2945479224794525,17.29616047315856,2y CAGR,https://www.workday.com/content/dam/web/en-us/documents/investor/financial-analyst-day-2025-workday.pdf#page=95,,Rounded to $0.01 billion by issuer; historical values shown in 2025 deck.
strategic__us_sub_growth,US TTM subscription revenue growth,Product & geography,percent,ttm,TTM Q2 FY2025,,2024-07-31,17,,,,,,,https://www.workday.com/content/dam/web/en-us/documents/investor/workday-2024-financial-analyst-day.pdf#page=74,,"Reported rounded growth; compare percentage-point change, not CAGR."
strategic__us_sub_growth,US TTM subscription revenue growth,Product & geography,percent,ttm,TTM Q2 FY2026,,2025-07-31,15,,-2,,,,,https://www.workday.com/content/dam/web/en-us/documents/investor/financial-analyst-day-2025-workday.pdf#page=95,,"Reported rounded growth; compare percentage-point change, not CAGR."
strategic__us_sub_ttm,US subscription revenue (TTM),Product & geography,USD millions,ttm,TTM Q2 FY2024,,2023-07-31,4590,,,,,,,https://www.workday.com/content/dam/web/en-us/documents/investor/financial-analyst-day-2025-workday.pdf#page=95,,Rounded to $0.01 billion by issuer; historical values shown in 2025 deck.
strategic__us_sub_ttm,US subscription revenue (TTM),Product & geography,USD millions,ttm,TTM Q2 FY2025,,2024-07-31,5390,,17.429193899782124,,,,,https://www.workday.com/content/dam/web/en-us/documents/investor/financial-analyst-day-2025-workday.pdf#page=95,,Rounded to $0.01 billion by issuer; historical values shown in 2025 deck.
strategic__us_sub_ttm,US subscription revenue (TTM),Product & geography,USD millions,ttm,TTM Q2 FY2026,,2025-07-31,6180,,14.656771799628942,17.429193899782124,-2.7724221001531824,16.03470294520386,2y CAGR,https://www.workday.com/content/dam/web/en-us/documents/investor/financial-analyst-day-2025-workday.pdf#page=95,,Rounded to $0.01 billion by issuer; historical values shown in 2025 deck.
strategic__addressable_core_accounts,Addressable core customer accounts,Market opportunity,accounts,instant,2023 analyst day,,2023-09-27,40000,≥,,,,,,https://www.workday.com/content/dam/web/en-us/documents/investor/workday-2023-financial-analyst-day.pdf#page=32,,
strategic__addressable_core_accounts,Addressable core customer accounts,Market opportunity,accounts,instant,2025 analyst day,,2025-09-16,70000,≥,,,,,,https://www.workday.com/content/dam/web/en-us/documents/investor/financial-analyst-day-2025-workday.pdf#page=82,,
strategic__expansion_arr_opportunity,Existing customer expansion ARR opportunity,Market opportunity,USD millions,instant,2023 analyst day,,2023-09-27,10000,≈,,,,,,https://www.workday.com/content/dam/web/en-us/documents/investor/workday-2023-financial-analyst-day.pdf#page=81,,
strategic__tam_fins,FINS+ addressable market,Market opportunity,USD millions,instant,2023 analyst day,,2023-09-27,84000,,,,,,,https://www.workday.com/content/dam/web/en-us/documents/investor/workday-2023-financial-analyst-day.pdf#page=74,,
strategic__tam_hcm,HCM addressable market,Market opportunity,USD millions,instant,2023 analyst day,,2023-09-27,58000,,,,,,,https://www.workday.com/content/dam/web/en-us/documents/investor/workday-2023-financial-analyst-day.pdf#page=74,,
strategic__tam_international,International addressable market,Market opportunity,USD millions,instant,2023 analyst day,,2023-09-27,80000,≈,,,,,,https://www.workday.com/content/dam/web/en-us/documents/investor/workday-2023-financial-analyst-day.pdf#page=96,,
strategic__tam_international_share,International share of TAM,Market opportunity,percent,instant,2023 analyst day,,2023-09-27,50,>,,,,,,https://www.workday.com/content/dam/web/en-us/documents/investor/workday-2023-financial-analyst-day.pdf#page=55,,
strategic__tam_international_share,International share of TAM,Market opportunity,percent,instant,2024 analyst day,,2024-09-17,50,≈,,,,,,https://www.workday.com/content/dam/web/en-us/documents/investor/workday-2024-financial-analyst-day.pdf#page=46,,
strategic__tam_me_share,Medium enterprise share of TAM,Market opportunity,percent,instant,2025 analyst day,,2025-09-16,50,≈,,,,,,https://www.workday.com/content/dam/web/en-us/documents/investor/financial-analyst-day-2025-workday.pdf#page=86,,
strategic__top100_arr_opportunity,Top 100 accounts incremental ARR opportunity,Market opportunity,USD millions,instant,2023 analyst day,,2023-09-27,2000,≥,,,,,,https://www.workday.com/content/dam/web/en-us/documents/investor/workday-2023-financial-analyst-day.pdf#page=47,,
strategic__tam_total,Total addressable market,Market opportunity,USD millions,instant,2023 analyst day,,2023-09-27,142000,≥,,,,,,https://www.workday.com/content/dam/web/en-us/documents/investor/workday-2023-financial-analyst-day.pdf#page=74,,
strategic__tam_total,Total addressable market,Market opportunity,USD millions,instant,2024 analyst day,,2024-09-17,160000,estimate,,,,,,https://www.workday.com/content/dam/web/en-us/documents/investor/workday-2024-financial-analyst-day.pdf#page=16,,
strategic__tam_total,Total addressable market,Market opportunity,USD millions,instant,2025 analyst day,,2025-09-16,188000,estimate,,,,,,https://www.workday.com/content/dam/web/en-us/documents/investor/financial-analyst-day-2025-workday.pdf#page=6,,
strategic__tam_federal,US federal addressable market,Market opportunity,USD millions,instant,2025 analyst day,,2025-09-16,2000,≥,,,,,,https://www.workday.com/content/dam/web/en-us/documents/investor/financial-analyst-day-2025-workday.pdf#page=87,,
operating__engineering_ai_code,Committed code generated by AI,People & footprint,percent,quarter,Q4 FY26,,2026-01-31,50,>,,,,,,https://s21.q4cdn.com/950027458/files/doc_earnings/2026/q4/generic/Q4-FY26-Earnings-Prepared-Remarks.pdf,,
operating__api_development_speed,Core API development acceleration,People & footprint,ratio,quarter,Q4 FY26,,2026-01-31,30,≈,,,,,,https://s21.q4cdn.com/950027458/files/doc_earnings/2026/q4/generic/Q4-FY26-Earnings-Prepared-Remarks.pdf,,
operating__offices_countries,Countries with offices,People & footprint,countries,quarter,Q2 FY24,,2023-07-31,30.0,≥,,,,,,https://www.workday.com/content/dam/web/en-us/documents/investor/workday-fiscal-2024-second-quarter-investor-presentation.pdf,,Presentation threshold; do not treat as exact.
operating__offices_countries,Countries with offices,People & footprint,countries,quarter,Q3 FY24,,2023-10-31,30.0,≥,,,,,,https://www.workday.com/content/dam/web/en-us/documents/investor/workday-fiscal-2024-third-quarter-investor-presentation.pdf,,Presentation threshold; do not treat as exact.
operating__offices_countries,Countries with offices,People & footprint,countries,quarter,Q4 FY24,,2024-01-31,30.0,≥,,,,,,https://www.workday.com/content/dam/web/en-us/documents/investor/workday-fiscal-2024-fourth-quarter-investor-presentation.pdf,,Presentation threshold; do not treat as exact.
operating__offices_countries,Countries with offices,People & footprint,countries,quarter,Q1 FY25,,2024-04-30,30.0,≥,,,,,,https://www.workday.com/content/dam/web/en-us/documents/investor/workday-fiscal-2025-first-quarter-investor-presentation.pdf,,Presentation threshold; do not treat as exact.
operating__offices_countries,Countries with offices,People & footprint,countries,quarter,Q2 FY25,,2024-07-31,30.0,≥,,,,,,https://www.workday.com/content/dam/web/en-us/documents/investor/workday-fiscal-2025-second-quarter-investor-presentation.pdf,,Presentation threshold; do not treat as exact.
operating__offices_countries,Countries with offices,People & footprint,countries,quarter,Q3 FY25,,2024-10-31,30.0,≥,,,,,,https://www.workday.com/content/dam/web/en-us/documents/investor/workday-fiscal-2025-third-quarter-investor-presentation.pdf,,Presentation threshold; do not treat as exact.
operating__offices_countries,Countries with offices,People & footprint,countries,quarter,Q4 FY25,,2025-01-31,30.0,≥,,,,,,https://www.workday.com/content/dam/web/en-us/documents/investor/workday-fiscal-2025-fourth-quarter-investor-presentation.pdf,,Presentation threshold; do not treat as exact.
operating__offices_countries,Countries with offices,People & footprint,countries,quarter,Q1 FY26,,2025-04-30,30.0,≥,,,,,,https://www.workday.com/content/dam/web/en-us/documents/investor/workday-fiscal-2026-first-quarter-investor-presentation.pdf,,Presentation threshold; do not treat as exact.
operating__offices_countries,Countries with offices,People & footprint,countries,quarter,Q2 FY26,,2025-07-31,30.0,≥,,,,,,https://www.workday.com/content/dam/web/en-us/documents/investor/workday-fiscal-2026-second-quarter-investor-presentation.pdf,,Presentation threshold; do not treat as exact.
operating__offices_countries,Countries with offices,People & footprint,countries,quarter,Q3 FY26,,2025-10-31,30.0,≥,,,,,,https://www.workday.com/content/dam/web/en-us/documents/investor/workday-fiscal-2026-third-quarter-investor-presentation.pdf,,Presentation threshold; do not treat as exact.
operating__offices_countries,Countries with offices,People & footprint,countries,quarter,Q4 FY26,,2026-01-31,30.0,≥,,,,,,https://s21.q4cdn.com/950027458/files/doc_earnings/2026/q4/presentation/Q4-FY26-Investor-Presentation.pdf,,Presentation threshold; do not treat as exact.
operating__offices_countries,Countries with offices,People & footprint,countries,quarter,Q1 FY27,,2026-04-30,30.0,≥,,,,,,https://s21.q4cdn.com/950027458/files/doc_earnings/2027/q1/presentation/Q1-FY27-Investor-Presentation.pdf,,Presentation threshold; do not treat as exact.
operating__offices_countries,Countries with offices,People & footprint,countries,quarter,Q2 FY27,,2026-07-31,30.0,≥,,,,,,https://s21.q4cdn.com/950027458/files/content_files/Q2-FY27-Investor-Relations-Quarterly_vFINALFINAL.pdf,,Presentation threshold; do not treat as exact.
operating__employees_rounded,"Employees (presentation, rounded)",People & footprint,employees,quarter,Q2 FY24,,2023-07-31,17800.0,≥,,,,,,https://www.workday.com/content/dam/web/en-us/documents/investor/workday-fiscal-2024-second-quarter-investor-presentation.pdf,,Presentation threshold; do not treat as exact.
operating__employees_rounded,"Employees (presentation, rounded)",People & footprint,employees,quarter,Q3 FY24,,2023-10-31,18300.0,≥,,,,,,https://www.workday.com/content/dam/web/en-us/documents/investor/workday-fiscal-2024-third-quarter-investor-presentation.pdf,,Presentation threshold; do not treat as exact.
operating__employees_rounded,"Employees (presentation, rounded)",People & footprint,employees,quarter,Q4 FY24,,2024-01-31,18800.0,≥,,,,,,https://www.workday.com/content/dam/web/en-us/documents/investor/workday-fiscal-2024-fourth-quarter-investor-presentation.pdf,,Presentation threshold; do not treat as exact.
operating__employees_rounded,"Employees (presentation, rounded)",People & footprint,employees,quarter,Q1 FY25,,2024-04-30,19400.0,≥,,,,,,https://www.workday.com/content/dam/web/en-us/documents/investor/workday-fiscal-2025-first-quarter-investor-presentation.pdf,,Presentation threshold; do not treat as exact.
operating__employees_rounded,"Employees (presentation, rounded)",People & footprint,employees,quarter,Q2 FY25,,2024-07-31,19900.0,≥,,,,,,https://www.workday.com/content/dam/web/en-us/documents/investor/workday-fiscal-2025-second-quarter-investor-presentation.pdf,,Presentation threshold; do not treat as exact.
operating__employees_rounded,"Employees (presentation, rounded)",People & footprint,employees,quarter,Q3 FY25,,2024-10-31,20400.0,≥,,,,,,https://www.workday.com/content/dam/web/en-us/documents/investor/workday-fiscal-2025-third-quarter-investor-presentation.pdf,,Presentation threshold; do not treat as exact.
operating__employees_rounded,"Employees (presentation, rounded)",People & footprint,employees,quarter,Q4 FY25,,2025-01-31,20400.0,≥,,,,,,https://www.workday.com/content/dam/web/en-us/documents/investor/workday-fiscal-2025-fourth-quarter-investor-presentation.pdf,,Presentation threshold; do not treat as exact.
operating__employees_rounded,"Employees (presentation, rounded)",People & footprint,employees,quarter,Q1 FY26,,2025-05-19,19300,≈,,,,,,https://www.workday.com/content/dam/web/en-us/documents/investor/workday-fiscal-2026-first-quarter-investor-presentation.pdf,,"As of May 19, 2025, after restructuring; not April quarter-end."
operating__employees_rounded,"Employees (presentation, rounded)",People & footprint,employees,quarter,Q2 FY26,,2025-07-31,19500.0,≥,,,,,,https://www.workday.com/content/dam/web/en-us/documents/investor/workday-fiscal-2026-second-quarter-investor-presentation.pdf,,Presentation threshold; do not treat as exact.
operating__employees_rounded,"Employees (presentation, rounded)",People & footprint,employees,quarter,Q3 FY26,,2025-10-31,20500.0,≥,,,,,,https://www.workday.com/content/dam/web/en-us/documents/investor/workday-fiscal-2026-third-quarter-investor-presentation.pdf,,Presentation threshold; do not treat as exact.
operating__employees_rounded,"Employees (presentation, rounded)",People & footprint,employees,quarter,Q4 FY26,,2026-01-31,21000.0,≥,,,,,,https://s21.q4cdn.com/950027458/files/doc_earnings/2026/q4/presentation/Q4-FY26-Investor-Presentation.pdf,,Presentation threshold; do not treat as exact.
operating__employees_rounded,"Employees (presentation, rounded)",People & footprint,employees,quarter,Q1 FY27,,2026-04-30,20800.0,≥,,,,,,https://s21.q4cdn.com/950027458/files/doc_earnings/2027/q1/presentation/Q1-FY27-Investor-Presentation.pdf,,Presentation threshold; do not treat as exact.
operating__employees_rounded,"Employees (presentation, rounded)",People & footprint,employees,quarter,Q2 FY27,,2026-07-31,20800.0,≥,,,,,,https://s21.q4cdn.com/950027458/files/content_files/Q2-FY27-Investor-Relations-Quarterly_vFINALFINAL.pdf,,Presentation threshold; do not treat as exact.
operating__engineering_output,Engineering output growth over six months,People & footprint,percent,quarter,Q4 FY26,,2026-01-31,22,,,,,,,https://s21.q4cdn.com/950027458/files/doc_earnings/2026/q4/generic/Q4-FY26-Earnings-Prepared-Remarks.pdf,,
operating__engineering_ai_usage,Software engineers using AI coding assistance,People & footprint,percent,quarter,Q4 FY26,,2026-01-31,75,>,,,,,,https://s21.q4cdn.com/950027458/files/doc_earnings/2026/q4/generic/Q4-FY26-Earnings-Prepared-Remarks.pdf,,
qa__qa_business_process_archetypes,Core business process archetypes,Call Q&A disclosures,archetypes,event,Q3 FY2026 call,,2025-11-25,70000,,,,,,,https://stockanalysis.com/stocks/wday/transcripts/377688-q3-2026/,,Not customer count or unique custom workflows. Source: management answer transcribed by third party; not analyst estimate.
qa__qa_dia_q4_contribution,DIA Q4 FY26 subscription revenue forecast,Call Q&A disclosures,USD millions,event,Q3 FY2026 call,,2025-11-25,15,≈,,,,,,https://stockanalysis.com/stocks/wday/transcripts/377688-q3-2026/,,Contingent on milestones; not recurring revenue run rate. Source: management answer transcribed by third party; not analyst estimate.
qa__qa_deploy_goal_cost,Deployment Agent aspirational deployment cost,Call Q&A disclosures,USD,event,Q1 FY2027 call,,2026-05-21,0,,,,,,,https://stockanalysis.com/stocks/wday/transcripts/566797-q1-2027/,,Stated goal paired with deployment in one month. Source: management answer transcribed by third party; not analyst estimate.
qa__qa_deploy_goal_time,Deployment Agent aspirational deployment time,Call Q&A disclosures,months,event,Q1 FY2027 call,,2026-05-21,1,,,,,,,https://stockanalysis.com/stocks/wday/transcripts/566797-q1-2027/,,Goal paired with zero-dollar deployment. Source: management answer transcribed by third party; not analyst estimate.
qa__qa_deploy_current_reduction,Deployment Agent reduction — current projects,Call Q&A disclosures,percent,event,Q1 FY2027 call,,2026-05-21,30,,,,,,,https://stockanalysis.com/stocks/wday/transcripts/566797-q1-2027/,,"Commercial example; not company-wide average, methodology not disclosed. Source: management answer transcribed by third party; not analyst estimate."
qa__qa_deploy_new_reduction,Deployment Agent reduction — new projects,Call Q&A disclosures,percent,event,Q1 FY2027 call,,2026-05-21,50,,,,,,,https://stockanalysis.com/stocks/wday/transcripts/566797-q1-2027/,,Projects just starting; not independently measured or company-wide average. Source: management answer transcribed by third party; not analyst estimate.
qa__qa_evisort_growth_qoq,"Evisort growth — QoQ, measure unspecified",Call Q&A disclosures,percent,event,Q2 FY2026 call,,2025-08-21,100,>,,,,,,https://stockanalysis.com/stocks/wday/transcripts/349498-q2-2026/,,"Explicitly quarter over quarter, not year over year. Source: management answer transcribed by third party; not analyst estimate."
qa__qa_evisort_growth_yoy,"Evisort growth — YoY, measure unspecified",Call Q&A disclosures,percent,event,Q1 FY2026 call,,2025-05-22,100,>,,,,,,https://stockanalysis.com/stocks/wday/transcripts/319952-q1-2026/,,Q&A refers to prior-quarter integration and growth; avoid assigning a precise measurement period beyond call vintage. Source: management answer transcribed by third party; not analyst estimate.
qa__qa_extend_pro_growth_yoy,"Extend Pro growth — YoY, measure unspecified",Call Q&A disclosures,percent,event,Q2 FY2026 call,,2025-08-21,100,,,,,,,https://stockanalysis.com/stocks/wday/transcripts/349498-q2-2026/,,Keep separate from Extend total new-ACV growth. Source: management answer transcribed by third party; not analyst estimate.
qa__qa_fins_fullplatform_growth,Financials/full-platform business growth,Call Q&A disclosures,percent,event,Q1 FY2025 call,,2024-05-23,20,>,,,,,,https://www.fool.com/earnings/call-transcripts/2024/05/23/workday-wday-q1-2025-earnings-call-transcript/,,Do not mix with reported financial subscription revenue growth. Source: management answer transcribed by third party; not analyst estimate.
qa__qa_priority_industry_fullsuite,Full-suite share of wins in priority industries,Call Q&A disclosures,percent,event,Q4 FY2025 call,,2025-02-25,50,>,,,,,,https://stockanalysis.com/stocks/wday/transcripts/252881-q4-2025/,,"Denominator is cited industry set, not all deals. Source: management answer transcribed by third party; not analyst estimate."
qa__qa_gpc_deals,Global Payroll Connect deals since launch,Call Q&A disclosures,deals,event,Q4 FY2025 call,,2025-02-25,150,,,,,,,https://stockanalysis.com/stocks/wday/transcripts/252881-q4-2025/,,"Cumulative since launch, not the quarter alone. Source: management answer transcribed by third party; not analyst estimate."
qa__qa_gpc_ecosystem_partners,Global Payroll Connect ecosystem partners,Call Q&A disclosures,partners,event,Q4 FY2025 call,,2025-02-25,150,>,,,,,,https://stockanalysis.com/stocks/wday/transcripts/252881-q4-2025/,,Capture both statements separately; not interchangeable. Source: management answer transcribed by third party; not analyst estimate.
qa__qa_h2_strategic_revenue_lift,H2 FY26 strategic deals revenue growth contribution,Call Q&A disclosures,percentage points,event,Q3 FY2025 call,,2024-11-26,0.5,,,,,,,https://stockanalysis.com/stocks/wday/transcripts/224552-q3-2025/,,Forward contribution to H2 FY26. Source: management answer transcribed by third party; not analyst estimate.
qa__qa_guidance_cut_headcount,Headcount effect in FY25 revenue outlook,Call Q&A disclosures,USD millions,event,Q2 FY2025 call,,2024-08-22,17,≈,,,,,,https://stockanalysis.com/stocks/wday/transcripts/197724-q2-2025/,,Follow-up to Q1 revision; not actual lost revenue. Source: management answer transcribed by third party; not analyst estimate.
qa__qa_healthcare_growth,Healthcare ACV growth,Call Q&A disclosures,percent,event,Q4 FY2024 call,,2024-02-26,50,,,,,,,https://www.fool.com/earnings/call-transcripts/2024/02/26/workday-wday-q4-2024-earnings-call-transcript/,,Q4 described as healthcare business growth without an explicit base; Q1 FY25 explicitly states ACV. Comparability provisional. Source: management answer transcribed by third party; not analyst estimate.
qa__qa_healthcare_growth,Healthcare ACV growth,Call Q&A disclosures,percent,event,Q1 FY2025 call,,2024-05-23,50,≈,,,,,,https://www.fool.com/earnings/call-transcripts/2024/05/23/workday-wday-q1-2025-earnings-call-transcript/,,Doug Robinson explicitly described ACV growth. Source: management answer transcribed by third party; not analyst estimate.
qa__qa_india_deals,Initial direct India deals,Call Q&A disclosures,deals,event,Q4 FY2026 call,,2026-02-24,1.5,range,,,,,,https://stockanalysis.com/stocks/wday/transcripts/411056-q4-2026/,,"Range 1–2, midpoint only for display; not exact count. Source: management answer transcribed by third party; not analyst estimate."
qa__qa_paradox_fy26_contribution,Paradox FY26 revenue forecast contribution,Call Q&A disclosures,USD millions,event,Q2 FY2026 call,,2025-08-21,15,,,,,,,https://stockanalysis.com/stocks/wday/transcripts/349498-q2-2026/,,Management said good proxy particularly for Q4; excludes synergies. Source: management answer transcribed by third party; not analyst estimate.
qa__qa_gpc_building_partners,Partners building on Global Payroll Connect,Call Q&A disclosures,partners,event,Q4 FY2025 call,,2025-02-25,22,>,,,,,,https://stockanalysis.com/stocks/wday/transcripts/252881-q4-2025/,,Separate from management reference to 150 partners in wider GPC ecosystem. Source: management answer transcribed by third party; not analyst estimate.
qa__qa_acquisitions_q4_growth,Sana + Paradox Q4 FY26 subscription growth contribution,Call Q&A disclosures,percentage points,event,Q3 FY2026 call,,2025-11-25,1.5,≈,,,,,,https://stockanalysis.com/stocks/wday/transcripts/377688-q3-2026/,,"Management answer, not analyst cRPO adjustment. Source: management answer transcribed by third party; not analyst estimate."
qa__qa_customer_touchpoints,Senior leadership customer touchpoints,Call Q&A disclosures,touchpoints,event,Q1 FY2027 call,,2026-05-21,100,≈,,,,,,https://stockanalysis.com/stocks/wday/transcripts/566797-q1-2027/,,Not unique customers or sales. Source: management answer transcribed by third party; not analyst estimate.
qa__qa_referral_partners,Signed referral partners,Call Q&A disclosures,partners,event,Q3 FY2024 call,,2023-11-28,150,,,,,,,https://www.fool.com/earnings/call-transcripts/2023/11/28/workday-wday-q3-2024-earnings-call-transcript/,,Initial full-year goal was 100 partners. Source: management answer transcribed by third party; not analyst estimate.
qa__qa_states_erp_replaced,US states that had chosen full-platform replacement,Call Q&A disclosures,states,event,Q2 FY2024 call,,2023-08-24,15,≈,,,,,,https://www.fool.com/earnings/call-transcripts/2023/08/24/workday-wday-q2-2024-earnings-call-transcript/,,Remaining opportunity described as 35 or 36 states; inconsistent residual not encoded. Source: management answer transcribed by third party; not analyst estimate.
strategic__guidance_next_crpo_growth,Next-quarter cRPO growth guidance,Earnings guidance,percent,event,Q3 FY2025 guidance,,2024-08-22,14.5,forecast,,,,,,https://www.workday.com/content/dam/web/en-us/documents/investor/workday-fiscal-2025-second-quarter-prepared-remarks.pdf,,
strategic__guidance_next_crpo_growth,Next-quarter cRPO growth guidance,Earnings guidance,percent,event,Q4 FY2025 guidance,,2024-11-26,14.0,forecast,,,,,,https://www.workday.com/content/dam/web/en-us/documents/investor/workday-fiscal-2025-third-quarter-prepared-remarks.pdf,,
strategic__guidance_next_crpo_growth,Next-quarter cRPO growth guidance,Earnings guidance,percent,event,Q1 FY2026 guidance,,2025-02-25,15.0,forecast,,,,,,https://www.workday.com/content/dam/web/en-us/documents/investor/workday-fiscal-2025-fourth-quarter-prepared-remarks.pdf,,
strategic__guidance_next_crpo_growth,Next-quarter cRPO growth guidance,Earnings guidance,percent,event,Q2 FY2026 guidance,,2025-05-22,15.5,forecast,,,,,,https://www.workday.com/content/dam/web/en-us/documents/investor/workday-fiscal-2026-first-quarter-prepared-remarks.pdf,,
strategic__guidance_next_crpo_growth,Next-quarter cRPO growth guidance,Earnings guidance,percent,event,Q3 FY2026 guidance,,2025-08-21,15.5,forecast,,,,,,https://www.workday.com/content/dam/web/en-us/documents/investor/workday-fiscal-2026-second-quarter-prepared-remarks.pdf,,
strategic__guidance_next_crpo_growth,Next-quarter cRPO growth guidance,Earnings guidance,percent,event,Q4 FY2026 guidance,,2025-11-25,15.5,forecast,,,,,,https://www.workday.com/content/dam/web/en-us/documents/investor/workday-fiscal-2026-third-quarter-prepared-remarks.pdf,,
strategic__guidance_next_crpo_growth,Next-quarter cRPO growth guidance,Earnings guidance,percent,event,Q1 FY2027 guidance,,2026-02-24,15.0,forecast,,,,,,https://s21.q4cdn.com/950027458/files/doc_earnings/2026/q4/generic/Q4-FY26-Earnings-Prepared-Remarks.pdf,,
strategic__guidance_next_crpo_growth,Next-quarter cRPO growth guidance,Earnings guidance,percent,event,Q2 FY2027 guidance,,2026-05-21,14.0,forecast,,,,,,https://s21.q4cdn.com/950027458/files/doc_earnings/2027/q1/generic/Q1-FY27-Earnings-Prepared-Remarks.pdf,,
strategic__guidance_next_crpo_growth,Next-quarter cRPO growth guidance,Earnings guidance,percent,event,Q3 FY2027 guidance,,2026-08-27,11.5,forecast,,,,,,https://s21.q4cdn.com/950027458/files/doc_earnings/2027/q2/generic/Q2-FY27-Earnings-Prepared-Remarks.pdf#page=12,,11–12% range; midpoint plotted. Paradox anniversary laps >1pp prior-year contribution.
